51.1173902916	252364	Inediibacterium massiliense
8.44367473845	41686	Blautia massiliensis
8.15240178653	40248	Dolichospermum circinale
7.22632394495	35676	Streptococcus pneumoniae
6.04968654736	29867	Salmonella enterica
2.87100335227	14174	Clostridiales bacterium
1.7087473035	8436	Acinetobacter baumannii
1.65061424564	8149	Virgibacillus senegalensis
1.64595549884	8126	Anabaena sp.
0.878882710986	4339	Fusobacterium nucleatum
0.86551413322	4273	Bacteria
0.58923019273	2909	Staphylococcus agnetis
0.576874386008	2848	Cylindrospermopsis raciborskii
0.576064169173	2844	Aphanizomenon flos-aquae
0.494029714702	2439	Nostocales
0.416856561237	2058	Nodularia spumigena
0.36115415388	1783	Lactobacillus rossiae
0.347380467698	1715	Nostoc sp.
0.311730926989	1539	Microcystis aeruginosa
0.311325818572	1537	Nostoc calcicola
0.309907939112	1530	Trichormus sp.
0.287424421961	1419	Synechococcus sp.
0.281550349912	1390	Vibrio parahaemolyticus
0.27486606103	1357	Bacillus aminovorans
0.266966446895	1318	Candidatus Regiella
0.204984859073	1012	Nostoc piscinale
0.16994298099	839	Pantoea vagans
0.157587174268	778	Coleofasciculus chthonoplastes
0.117683995179	581	Nostoc punctiforme
0.116063561511	573	Anabaena cylindrica
0.114038019425	563	Trichormus azollae
0.101884766911	503	Richelia intracellularis
0.0956055864451	472	Leptolyngbya sp.
0.0844651049737	417	Ohtaekwangia koreensis
0.0842625507651	416	Chryseolinea serpens
0.0832497797223	411	Fortiea contorta
0.0800089123852	395	Legionella pneumophila
0.0759578282138	375	Chlamydia psittaci
0.0717041898338	354	Escherichia coli
0.0642096841167	317	Calothrix sp.
0.0640071299081	316	Elizabethkingia anophelis
0.0506385521425	250	Anabaena
0.0453721427197	224	Nodularia sp.
0.0441568174683	218	Prochlorococcus marinus
0.0437517090511	216	Aliterella atlantica
0.0437517090511	216	Scytonema sp.
0.0411185043397	203	Aphanizomenonaceae
0.0394980706712	195	Staphylococcus saprophyticus
0.0382827454197	189	Fischerella sp.
0.0374725285855	185	Klebsiella pneumoniae
0.0360546491255	178	Pseudanabaena sp.
0.0356495407083	176	Microcoleus vaginatus
0.0340291070398	168	Desulfobacula sp.
0.0332188902055	164	Arthrobacter sp.
0.0326112275798	161	Cylindrospermum stagnale
0.0299780228684	148	Moritella viscosa
0.0291678060341	144	Hapalosiphonaceae
0.0281550349912	139	Staphylococcus aureus
0.0279524807827	138	Tamlana sp.
0.0236988424027	117	Crinalium epipsammum
0.0232937339856	115	Nostoc
0.0226860713598	112	Bacillus cereus
0.0222809629427	110	Geitlerinema sp.
0.0214707461084	106	Bifidobacterium longum
0.0200528666484	99	Fischerella
0.0190400956056	94	Chlorogloeopsis fritschii
0.0178247703542	88	Crocosphaera watsonii
0.0178247703542	88	Colwellia sediminilitoris
0.017419661937	86	Cyanothece sp.
0.017419661937	86	Cylindrospermopsis
0.0164068908942	81	Oscillatoriales cyanobacterium
0.0155966740599	77	Trichodesmium erythraeum
0.0155966740599	77	Tolypothrix sp.
0.0149890114342	74	Pseudanabaena biceps
0.014583903017	72	Gloeocapsa sp.
0.014583903017	72	Cyanobacteria
0.0137736861828	68	Fischerella muscicola
0.0137736861828	68	Mastigocladopsis repens
0.0135711319742	67	Synechocystis sp.
0.0127609151399	63	Fulvivirga imtechensis
0.0123558067228	61	Archaea
0.0119506983056	59	Xenococcus sp.
0.0119506983056	59	Microcoleus sp.
0.0117481440971	58	Hapalosiphon sp.
0.0113430356799	56	Scytonema hofmanni UTEX B 1581
0.0103302646371	51	Nostocales cyanobacterium
0.0103302646371	51	Cyanobium sp.
0.0101277104285	50	Scytonema hofmannii
0.00972260201136	48	Planktothrix
0.00952004780279	47	Synechococcus
0.00952004780279	47	Calothrix parietina
0.00952004780279	47	Phormidesmis priestleyi
0.00952004780279	47	Moorea producens
0.00891238517708	44	Calothrix rhizosoleniae
0.00891238517708	44	Lyngbya sp.
0.00891238517708	44	Nostocaceae
0.00870983096851	43	Hydrococcus rivularis
0.00850727675994	42	Phormidium ambiguum
0.00850727675994	42	Cylindrospermopsis sp.
0.0081021683428	40	Stanieria cyanosphaera
0.00789961413423	39	Fluviicola taffensis
0.00789961413423	39	Lyngbya confervoides
0.00769705992566	38	Herbaspirillum rubrisubalbicans
0.00769705992566	38	Chroococcidiopsis thermalis
0.00749450571709	37	Pseudomonas syringae
0.00729195150852	36	Bacillus thuringiensis
0.00729195150852	36	Kamptonema
0.00708939729995	35	Arthrospira platensis
0.00688684309138	34	Tolypothrix campylonemoides
0.00688684309138	34	Flavobacterium sp.
0.00688684309138	34	Cyanothece
0.00668428888281	33	Streptococcus suis
0.00648173467424	32	Gloeomargarita lithophora
0.00648173467424	32	Rivularia sp.
0.00648173467424	32	unicellular cyanobacterium
0.00648173467424	32	Leptolyngbya valderiana
0.00627918046567	31	Scytonema tolypothrichoides
0.0060766262571	30	Leptolyngbya ohadii
0.00587407204853	29	Planktothrix sp.
0.00587407204853	29	Chitinophagaceae bacterium
0.00587407204853	29	Planktothrix agardhii
0.00567151783996	28	Rheinheimera texasensis
0.00567151783996	28	Prochlorococcus
0.00567151783996	28	Halothece sp.
0.00567151783996	28	Geminocystis herdmanii
0.00567151783996	28	Gloeobacter violaceus
0.00567151783996	28	Mastigocoleus testarum
0.00567151783996	28	Dactylococcopsis salina
0.00567151783996	28	Raphidiopsis brookii
0.00546896363139	27	Phormidium tenue
0.00546896363139	27	Candidatus Methylopumilus
0.00526640942282	26	Pseudoalteromonas sp.
0.00526640942282	26	Flammeovirgaceae bacterium
0.00526640942282	26	Tolypothrix bouteillei
0.00506385521425	25	Flavobacterium aquatile
0.00506385521425	25	Limnohabitans sp.
0.00506385521425	25	Synechococcales
0.00486130100568	24	unclassified Opitutaceae
0.00465874679711	23	Desertifilum sp.
0.00465874679711	23	Helicobacter pylori
0.00445619258854	22	Arthrospira
0.00445619258854	22	Oscillatoria sp.
0.00425363837997	21	Clostridioides difficile
0.00425363837997	21	Geminocystis sp.
0.00425363837997	21	Anaplasma phagocytophilum
0.00425363837997	21	Emticicia sp.
0.00425363837997	21	Algoriphagus sp.
0.0040510841714	20	Chroococcaceae
0.0040510841714	20	Pseudanabaena
0.00384852996283	19	Cyanobium gracile
0.00384852996283	19	Gammaproteobacteria bacterium
0.00384852996283	19	cyanobacterium PCC
0.00384852996283	19	Reichenbachiella faecimaris
0.00384852996283	19	Pseudomonas aeruginosa
0.00364597575426	18	Comamonadaceae bacterium
0.00364597575426	18	Spirulina major
0.00364597575426	18	Scytonema millei
0.00344342154569	17	Phormidium willei
0.00344342154569	17	Hymenobacter sp.
0.00344342154569	17	Flectobacillus major
0.00344342154569	17	Candidatus Pelagibacter
0.00344342154569	17	Prochlorothrix hollandica
0.00324086733712	16	Phormidium sp.
0.00324086733712	16	Oscillatoria acuminata
0.00324086733712	16	Thermosynechococcus elongatus
0.00324086733712	16	Nafulsella turpanensis
0.00324086733712	16	Leptolyngbya boryana
0.00324086733712	16	Neosynechococcus sphagnicola
0.00324086733712	16	Planktothrix serta
0.00324086733712	16	Calothrix
0.00324086733712	16	Algoriphagus marinus
0.00324086733712	16	Rhodococcus wratislaviensis
0.00324086733712	16	Planktothrix tepida
0.00303831312855	15	Flavobacterium
0.00303831312855	15	Mariniradius saccharolyticus
0.00303831312855	15	Candidatus Synechococcus
0.00303831312855	15	Mucilaginibacter sp.
0.00303831312855	15	Bacilli
0.00303831312855	15	Pedobacter sp.
0.00303831312855	15	Pleurocapsa sp.
0.00303831312855	15	Mastigocladus laminosus
0.00303831312855	15	Lactobacillus harbinensis
0.00283575891998	14	alpha proteobacterium
0.00283575891998	14	Prochlorococcus sp.
0.00283575891998	14	Marivirga tractuosa
0.00283575891998	14	Sediminibacterium ginsengisoli
0.00283575891998	14	Spirosoma montaniterrae
0.00283575891998	14	Flavobacterium fontis
0.00283575891998	14	Reichenbachiella agariperforans
0.00283575891998	14	Microcystis
0.00283575891998	14	Rufibacter tibetensis
0.00283575891998	14	Sphingomonas sp.
0.00263320471141	13	Enterococcus faecium
0.00263320471141	13	Runella limosa
0.00263320471141	13	Limnoraphis robusta
0.00263320471141	13	Bacillus subtilis
0.00263320471141	13	Chamaesiphon minutus
0.00263320471141	13	Chthoniobacter flavus
0.00263320471141	13	Ilumatobacter coccineus
0.00263320471141	13	Cesiribacter andamanensis
0.00243065050284	12	Sphingobacterium sp.
0.00243065050284	12	Cytophaga hutchinsonii
0.00243065050284	12	Haliscomenobacter hydrossis
0.00243065050284	12	Flexithrix dorotheae
0.00243065050284	12	Anabaena sp. 90
0.00243065050284	12	Chroogloeocystis siderophila
0.00243065050284	12	Spirulina subsalsa
0.00243065050284	12	Pedosphaera parvula
0.00243065050284	12	Microcystis sp.
0.00243065050284	12	Ramlibacter tataouinensis
0.00243065050284	12	Desulfosporosinus sp.
0.00243065050284	12	Oscillatoria nigro-viridis
0.00222809629427	11	Aeromonas piscicola
0.00222809629427	11	Streptomyces sp.
0.00222809629427	11	Roseivirga ehrenbergii
0.00222809629427	11	Crocinitomix sp.
0.00222809629427	11	Halomicronema hongdechloris
0.00222809629427	11	Pseudomonas sp.
0.00222809629427	11	Rhizobacter sp.
0.00222809629427	11	Chryseobacterium sp.
0.00222809629427	11	Rhizobium sp.
0.00222809629427	11	Collimonas pratensis
0.00222809629427	11	Prosthecobacter debontii
0.00222809629427	11	Planktothrix rubescens
0.00222809629427	11	Fimbriimonas ginsengisoli
0.00222809629427	11	Paenibacillus sp.
0.00222809629427	11	Planktothricoides sp.
0.00222809629427	11	Sediminibacterium sp.
0.00222809629427	11	Flavisolibacter sp.
0.00222809629427	11	Sporocytophaga myxococcoides
0.00222809629427	11	Roseivirga spongicola
0.0020255420857	10	Flavihumibacter sp.
0.0020255420857	10	Acaryochloris marina
0.0020255420857	10	Arachidicoccus sp.
0.0020255420857	10	Runella slithyformis
0.0020255420857	10	Moorea bouillonii
0.0020255420857	10	Rheinheimera sp.
0.0020255420857	10	Leptolyngbyaceae
0.0020255420857	10	Acaryochloris
0.0020255420857	10	Fabibacter misakiensis
0.0020255420857	10	Treponema pedis
0.0020255420857	10	Flammeovirga sp.
0.00182298787713	9	Fibrella aestuarina
0.00182298787713	9	Eisenibacter elegans
0.00182298787713	9	Gemmobacter sp.
0.00182298787713	9	Marivirga sericea
0.00182298787713	9	Flavobacterium filum
0.00182298787713	9	Gloeobacter kilaueensis
0.00182298787713	9	Pleurocapsa minor
0.00182298787713	9	Methylibium sp.
0.00182298787713	9	Terrimicrobium sacchariphilum
0.00182298787713	9	Nodosilinea nodulosa
0.00182298787713	9	Thermosynechococcus sp.
0.00162043366856	8	Cyanobacterium aponinum
0.00162043366856	8	Myxosarcina sp.
0.00162043366856	8	Sphingobacteriales bacterium
0.00162043366856	8	Flavobacterium soli
0.00162043366856	8	Asinibacterium sp.
0.00162043366856	8	Flavobacterium sasangense
0.00162043366856	8	Rhodomicrobium vannielii
0.00162043366856	8	Mitsuaria chitosanitabida
0.00162043366856	8	Rubidibacter lacunae
0.00162043366856	8	Pontibacillus halophilus
0.00162043366856	8	beta proteobacterium
0.00162043366856	8	Flavobacterium cucumis
0.00162043366856	8	Acidovorax sp.
0.00141787945999	7	Hydrocarboniphaga effusa
0.00141787945999	7	Paenarthrobacter nicotinovorans
0.00141787945999	7	Bosea sp.
0.00141787945999	7	Microscilla marina
0.00141787945999	7	Flavihumibacter solisilvae
0.00141787945999	7	filamentous cyanobacterium
0.00141787945999	7	Cytophaga aurantiaca
0.00141787945999	7	Paraprevotella xylaniphila
0.00141787945999	7	Geobacter anodireducens
0.00141787945999	7	Saprospira grandis
0.00141787945999	7	Aquabacterium parvum
0.00141787945999	7	Flavobacterium succinicans
0.00141787945999	7	Fabibacter sp.
0.00141787945999	7	Vibrio sp.
0.00141787945999	7	Methylophilales bacterium
0.00141787945999	7	Archangium sp.
0.00141787945999	7	Flavobacterium columnare
0.00141787945999	7	Belliella pelovolcani
0.00141787945999	7	Arsenicibacter rosenii
0.00141787945999	7	Filimonas lacunae
0.00141787945999	7	Fuerstia marisgermanicae
0.00141787945999	7	Paucibacter sp.
0.00121532525142	6	Gemmatimonas aurantiaca
0.00121532525142	6	Pelomonas puraquae
0.00121532525142	6	Enterobacter cancerogenus
0.00121532525142	6	Echinicola vietnamensis
0.00121532525142	6	Spirosoma spitsbergense
0.00121532525142	6	Phormidium
0.00121532525142	6	Emticicia oligotrophica
0.00121532525142	6	Beggiatoa alba
0.00121532525142	6	Mesorhizobium sp.
0.00121532525142	6	Hydrogenophaga sp.
0.00121532525142	6	Roseivirga seohaensis
0.00121532525142	6	Planktothrix paucivesiculata
0.00121532525142	6	Niabella ginsenosidivorans
0.00121532525142	6	Aureispira sp.
0.00121532525142	6	Leadbetterella byssophila
0.00121532525142	6	Solitalea canadensis
0.00121532525142	6	Tangfeifania diversioriginum
0.00121532525142	6	Hydrotalea flava
0.00121532525142	6	Cytophagales
0.00121532525142	6	Algoriphagus vanfongensis
0.00121532525142	6	Terrabacteria group
0.00121532525142	6	Paraburkholderia terrae
0.00121532525142	6	Ideonella sakaiensis
0.00121532525142	6	Streptomyces thermoautotrophicus
0.00121532525142	6	Polynucleobacter sp.
0.00121532525142	6	Roseivirga echinicomitans
0.00121532525142	6	Coxiella burnetii
0.00121532525142	6	Salinisphaera shabanensis
0.00121532525142	6	Runella zeae
0.00121532525142	6	Pedobacter oryzae
0.00121532525142	6	Indibacter alkaliphilus
0.00121532525142	6	Flavobacterium akiainvivens
0.00121532525142	6	Clostridium sp.
0.00121532525142	6	Acaryochloris sp.
0.00101277104285	5	Arthrospira sp.
0.00101277104285	5	Mesorhizobium
0.00101277104285	5	Candidatus Paracaedibacter
0.00101277104285	5	Alloprevotella tannerae
0.00101277104285	5	Parapedobacter luteus
0.00101277104285	5	Collimonas arenae
0.00101277104285	5	Methylobacterium sp.
0.00101277104285	5	Burkholderia sp.
0.00101277104285	5	Polynucleobacter duraquae
0.00101277104285	5	Thermonema rossianum
0.00101277104285	5	Ignavibacterium album
0.00101277104285	5	Caulobacteraceae bacterium
0.00101277104285	5	Rhizobacter
0.00101277104285	5	Oceanibaculum pacificum
0.00101277104285	5	Flavobacterium suncheonense
0.00101277104285	5	Flavobacterium haoranii
0.00101277104285	5	Enterococcus
0.00101277104285	5	Pelagibacteraceae bacterium
0.00101277104285	5	Roseivirga
0.00101277104285	5	Ramlibacter sp.
0.00101277104285	5	Bradyrhizobium
0.00101277104285	5	Rhodobacter sp.
0.00101277104285	5	Flavobacterium antarcticum
0.00101277104285	5	Niabella aurantiaca
0.00101277104285	5	Polynucleobacter asymbioticus
0.00101277104285	5	Cyanobacterium sp.
0.00101277104285	5	Rudanella lutea
0.00101277104285	5	Pontibacter sp.
0.00101277104285	5	Chitinophaga ginsengisegetis
0.00101277104285	5	Enterobacter ludwigii
0.00101277104285	5	Fibrisoma limi
0.00101277104285	5	Lewinella cohaerens
0.00101277104285	5	Opitutus terrae
0.00101277104285	5	Lunatimonas lonarensis
0.00101277104285	5	Nonomuraea sp.
0.00101277104285	5	Flavobacterium terrae
0.00101277104285	5	Rhizobiales bacterium
0.00101277104285	5	Prolixibacter bellariivorans
0.00101277104285	5	Synechocystis sp. PCC 7509
0.00101277104285	5	Flavobacterium branchiophilum
0.00101277104285	5	Bdellovibrio bacteriovorus
0.00081021683428	4	Pyrinomonas methylaliphatogenes
0.00081021683428	4	Flavisolibacter ginsengisoli
0.00081021683428	4	Chitinophaga jiangningensis
0.00081021683428	4	Campylobacter coli
0.00081021683428	4	Mycobacterium elephantis
0.00081021683428	4	Duganella sp.
0.00081021683428	4	Bacillaceae
0.00081021683428	4	Niastella koreensis
0.00081021683428	4	Algoriphagus faecimaris
0.00081021683428	4	Pedobacter glucosidilyticus
0.00081021683428	4	Segetibacter koreensis
0.00081021683428	4	Polynucleobacter sinensis
0.00081021683428	4	Flavobacterium psychrophilum
0.00081021683428	4	Algoriphagus terrigena
0.00081021683428	4	Pelomonas sp.
0.00081021683428	4	Flavobacterium frigoris
0.00081021683428	4	Lyngbya aestuarii
0.00081021683428	4	unclassified Betaproteobacteria
0.00081021683428	4	Algoriphagus antarcticus
0.00081021683428	4	Terrabacter sp.
0.00081021683428	4	Bacillus sp.
0.00081021683428	4	Pontibacter akesuensis
0.00081021683428	4	Chitinophaga niabensis
0.00081021683428	4	Flavobacterium cauense
0.00081021683428	4	Roseateles depolymerans
0.00081021683428	4	Belliella baltica
0.00081021683428	4	Flavobacterium gelidilacus
0.00081021683428	4	Hymenobacter aerophilus
0.00081021683428	4	Desulfonatronovibrio magnus
0.00081021683428	4	Niastella vici
0.00081021683428	4	Lacunisphaera limnophila
0.00081021683428	4	Melioribacter roseus
0.00081021683428	4	Flavobacterium enshiense
0.00081021683428	4	Aquiflexum balticum
0.00081021683428	4	Flavobacterium daejeonense
0.00081021683428	4	Chlorobium chlorochromatii
0.00081021683428	4	Niastella populi
0.00081021683428	4	Polynucleobacter
0.00081021683428	4	Rhodobacteraceae bacterium
0.00081021683428	4	Rhodocista sp.
0.00081021683428	4	Flavobacteria bacterium
0.00081021683428	4	Algoriphagus mannitolivorans
0.00081021683428	4	cyanobacterium endosymbiont
0.00081021683428	4	Afifella pfennigii
0.00081021683428	4	Phaeodactylibacter xiamenensis
0.00081021683428	4	Terrimonas ferruginea
0.00081021683428	4	Verrucomicrobium sp.
0.00081021683428	4	Labilibacter marinus
0.00081021683428	4	Chlorobium phaeobacteroides
0.00081021683428	4	Polyangium brachysporum
0.00081021683428	4	Bryobacter aggregatus
0.00081021683428	4	Rhodothermus profundi
0.00081021683428	4	Cnuella takakiae
0.00081021683428	4	Enhydrobacter aerosaccus
0.00081021683428	4	Staphylococcus epidermidis
0.00081021683428	4	bacterium 3363
0.00081021683428	4	Cyclobacterium amurskyense
0.00081021683428	4	Pleurocapsales
0.00081021683428	4	Aeromonas hydrophila
0.00081021683428	4	Adhaeribacter aquaticus
0.00060766262571	3	Candidatus Marispirochaeta
0.00060766262571	3	Algoriphagus marincola
0.00060766262571	3	Flavobacterium xinjiangense
0.00060766262571	3	Burkholderia mallei
0.00060766262571	3	Variovorax sp.
0.00060766262571	3	Pseudorhodobacter psychrotolerans
0.00060766262571	3	Candidatus Nucleicultrix
0.00060766262571	3	Coraliomargarita akajimensis
0.00060766262571	3	Gemmatimonas phototrophica
0.00060766262571	3	Formosa sp.
0.00060766262571	3	Limnothrix rosea
0.00060766262571	3	Sediminibacterium salmoneum
0.00060766262571	3	Rufibacter sp.
0.00060766262571	3	Alistipes sp.
0.00060766262571	3	Anditalea andensis
0.00060766262571	3	Azoarcus sp.
0.00060766262571	3	Azovibrio restrictus
0.00060766262571	3	Caldimonas
0.00060766262571	3	Curvibacter gracilis
0.00060766262571	3	Leadbetterella sp.
0.00060766262571	3	Desulfomonile tiedjei
0.00060766262571	3	Aquabacterium sp.
0.00060766262571	3	Rubritepida flocculans
0.00060766262571	3	Azospirillum halopraeferens
0.00060766262571	3	Lachnospiraceae bacterium
0.00060766262571	3	Azohydromonas lata
0.00060766262571	3	Paenibacillus
0.00060766262571	3	Methylomicrobium alcaliphilum
0.00060766262571	3	Blastopirellula marina
0.00060766262571	3	Paraburkholderia kururiensis
0.00060766262571	3	Desulfobacterium autotrophicum
0.00060766262571	3	Dongia sp.
0.00060766262571	3	Flavobacterium subsaxonicum
0.00060766262571	3	Hymenobacter gelipurpurascens
0.00060766262571	3	Prevotella sp.
0.00060766262571	3	Anaerophaga thermohalophila
0.00060766262571	3	Aquimarina longa
0.00060766262571	3	Rhodospirillales bacterium
0.00060766262571	3	Thermophagus xiamenensis
0.00060766262571	3	Salinivirga cyanobacteriivorans
0.00060766262571	3	Rhizobacter gummiphilus
0.00060766262571	3	Flavobacterium hydatis
0.00060766262571	3	Acidovorax
0.00060766262571	3	Caldilinea aerophila
0.00060766262571	3	Niabella soli
0.00060766262571	3	Spirosoma aerolatum
0.00060766262571	3	Methyloceanibacter superfactus
0.00060766262571	3	Flavobacterium frigidarium
0.00060766262571	3	Methylomonas lenta
0.00060766262571	3	Acidobacteriaceae bacterium
0.00060766262571	3	Elioraea tepidiphila
0.00060766262571	3	Lentimicrobium saccharophilum
0.00060766262571	3	Oxalobacteraceae bacterium
0.00060766262571	3	Hugenholtzia roseola
0.00060766262571	3	Magnetospirillum sp.
0.00060766262571	3	Persicobacter sp.
0.00060766262571	3	Flavihumibacter petaseus
0.00060766262571	3	Geobacter sp.
0.00060766262571	3	Ottowia thiooxydans
0.00060766262571	3	Streptococcus mitis
0.00060766262571	3	Pontibacter roseus
0.00060766262571	3	Massilia timonae
0.00060766262571	3	Vitellibacter aquimaris
0.00060766262571	3	Komagataeibacter rhaeticus
0.00060766262571	3	Zavarzinella formosa
0.00060766262571	3	Achromobacter xylosoxidans
0.00060766262571	3	Chitinophaga eiseniae
0.00060766262571	3	endosymbiont of
0.00060766262571	3	Flavobacterium rivuli
0.00060766262571	3	Oscillatoria sp. PCC 6506
0.00060766262571	3	Hespellia stercorisuis
0.00060766262571	3	Mycobacterium sp.
0.00060766262571	3	Hymenobacter psychrotolerans
0.00060766262571	3	Sorangium cellulosum
0.00060766262571	3	Puniceibacterium sp.
0.00060766262571	3	Caenispirillum salinarum
0.00060766262571	3	Schlesneria paludicola
0.00060766262571	3	Flavobacterium saliperosum
0.00060766262571	3	Azospirillum humicireducens
0.00060766262571	3	Flavobacterium fryxellicola
0.00060766262571	3	Variovorax boronicumulans
0.00060766262571	3	Zoogloea sp.
0.00060766262571	3	Rhodoferax fermentans
0.00060766262571	3	Brevundimonas aveniformis
0.00060766262571	3	Flavobacterium seoulense
0.00060766262571	3	Methylobacillus sp.
0.00060766262571	3	Phenylobacterium
0.00060766262571	3	Roseiflexus sp.
0.00060766262571	3	Leptothrix cholodnii
0.00060766262571	3	Sinorhizobium saheli
0.00060766262571	3	Methylomonas koyamae
0.00060766262571	3	Orientia tsutsugamushi
0.00060766262571	3	Polaromonas jejuensis
0.00060766262571	3	Tistrella mobilis
0.00060766262571	3	Haematospirillum jordaniae
0.00060766262571	3	Sphingopyxis terrae
0.00060766262571	3	Pseudopedobacter saltans
0.00060766262571	3	Caldimonas taiwanensis
0.00060766262571	3	Chitinophaga sancti
0.00060766262571	3	Cyclobacterium lianum
0.00060766262571	3	Noviherbaspirillum autotrophicum
0.00060766262571	3	Sediminibacterium
0.00060766262571	3	Geothrix fermentans
0.00060766262571	3	Rubrivivax benzoatilyticus
0.00060766262571	3	Laribacter hongkongensis
0.00060766262571	3	Spirosoma radiotolerans
0.00060766262571	3	Geofilum rubicundum
0.00060766262571	3	Flavobacterium glycines
0.00060766262571	3	Bacteroidales bacterium
0.00060766262571	3	Flavobacterium gilvum
0.00060766262571	3	Niastella yeongjuensis
0.00060766262571	3	Fibrella sp.
0.00060766262571	3	Oscillatoriophycideae
0.00060766262571	3	Nitritalea halalkaliphila
0.00040510841714	2	Acidimicrobium ferrooxidans
0.00040510841714	2	Rhodothermus marinus
0.00040510841714	2	Acetobacter malorum
0.00040510841714	2	Fervidobacterium islandicum
0.00040510841714	2	Myxococcus fulvus
0.00040510841714	2	Thiomonas intermedia
0.00040510841714	2	Paraburkholderia caryophylli
0.00040510841714	2	Gemmobacter megaterium
0.00040510841714	2	Mucilaginibacter lappiensis
0.00040510841714	2	Owenweeksia hongkongensis
0.00040510841714	2	Oscillochloris trichoides
0.00040510841714	2	Rheinheimera nanhaiensis
0.00040510841714	2	Butyricimonas sp.
0.00040510841714	2	Candidatus Marithrix
0.00040510841714	2	Komagataeibacter xylinus
0.00040510841714	2	Aequorivita vladivostokensis
0.00040510841714	2	Pirellula staleyi
0.00040510841714	2	Chitinophaga pinensis
0.00040510841714	2	Phaeospirillum fulvum
0.00040510841714	2	Dyadobacter tibetensis
0.00040510841714	2	Kribbella sp.
0.00040510841714	2	Spongiibacter sp.
0.00040510841714	2	Flavobacterium crassostreae
0.00040510841714	2	Roseobacter sp.
0.00040510841714	2	Roseateles terrae
0.00040510841714	2	Rhodopseudomonas palustris
0.00040510841714	2	Riemerella anatipestifer
0.00040510841714	2	Fischerella major
0.00040510841714	2	Dyadobacter psychrophilus
0.00040510841714	2	Desulfocarbo indianensis
0.00040510841714	2	Caedibacter varicaedens
0.00040510841714	2	Elizabethkingia meningoseptica
0.00040510841714	2	Planctomyces sp.
0.00040510841714	2	Mitsuaria sp.
0.00040510841714	2	Ruminococcus sp.
0.00040510841714	2	Nocardioides sp.
0.00040510841714	2	Pelodictyon luteolum
0.00040510841714	2	Vibrio
0.00040510841714	2	Mycobacterium tuberculosis
0.00040510841714	2	Alloscardovia sp.
0.00040510841714	2	Planococcus maritimus
0.00040510841714	2	Rickettsiales bacterium
0.00040510841714	2	Novosphingobium naphthalenivorans
0.00040510841714	2	Microbacterium laevaniformans
0.00040510841714	2	Chloracidobacterium thermophilum
0.00040510841714	2	Aliivibrio fischeri
0.00040510841714	2	Luteipulveratus halotolerans
0.00040510841714	2	Sphingobacterium spiritivorum
0.00040510841714	2	Porphyromonas gingivalis
0.00040510841714	2	Reyranella massiliensis
0.00040510841714	2	Methylovorus
0.00040510841714	2	Oxalobacter formigenes
0.00040510841714	2	Flavobacterium indicum
0.00040510841714	2	Fibrobacter sp.
0.00040510841714	2	Francisella tularensis
0.00040510841714	2	Methylocystis sp.
0.00040510841714	2	Butyricimonas
0.00040510841714	2	Sphingobacterium nematocida
0.00040510841714	2	Rhodobacter johrii
0.00040510841714	2	Citrobacter freundii
0.00040510841714	2	Curvibacter sp.
0.00040510841714	2	Methylotenera sp.
0.00040510841714	2	Pararhodospirillum photometricum
0.00040510841714	2	Beijerinckia indica
0.00040510841714	2	Roseovarius sp.
0.00040510841714	2	Kiloniella laminariae
0.00040510841714	2	Alkaliflexus imshenetskii
0.00040510841714	2	Algibacter sp.
0.00040510841714	2	Aquincola tertiaricarbonis
0.00040510841714	2	Bradyrhizobium sp.
0.00040510841714	2	Desulfuromonas sp.
0.00040510841714	2	Azorhizobium doebereinerae
0.00040510841714	2	Candidatus Rhodoluna
0.00040510841714	2	Candidatus Accumulibacter
0.00040510841714	2	Candidatus Atelocyanobacterium
0.00040510841714	2	Herminiimonas sp.
0.00040510841714	2	Pedobacter panaciterrae
0.00040510841714	2	Brevundimonas sp.
0.00040510841714	2	Didymococcus colitermitum
0.00040510841714	2	Maribacter sp.
0.00040510841714	2	Cupriavidus necator
0.00040510841714	2	Hydrogenophaga
0.00040510841714	2	Ferrithrix thermotolerans
0.00040510841714	2	Gimesia maris
0.00040510841714	2	Aeromonas veronii
0.00040510841714	2	Hylemonella gracilis
0.00040510841714	2	Spirochaeta thermophila
0.00040510841714	2	Algoriphagus machipongonensis
0.00040510841714	2	Oscillatoriales
0.00040510841714	2	Hydrogenobaculum
0.00040510841714	2	Aeromonas
0.00040510841714	2	Devosia sp.
0.00040510841714	2	Burkholderiales bacterium
0.00040510841714	2	Marinactinospora thermotolerans
0.00040510841714	2	Sulfurospirillum sp.
0.00040510841714	2	Loktanella sp.
0.00040510841714	2	Noviherbaspirillum denitrificans
0.00040510841714	2	Nitratireductor aquibiodomus
0.00040510841714	2	Flavobacterium denitrificans
0.00040510841714	2	Bacillus
0.00040510841714	2	Sunxiuqinia dokdonensis
0.00040510841714	2	Leptospira interrogans
0.00040510841714	2	Variovorax paradoxus
0.00040510841714	2	Kineosphaera limosa
0.00040510841714	2	actinobacterium LLX17
0.00040510841714	2	Pseudacidovorax sp.
0.00040510841714	2	Sphingopyxis sp.
0.00040510841714	2	Sulfuricurvum kujiense
0.00040510841714	2	Actinobacteria bacterium
0.00040510841714	2	Pontibacter indicus
0.00040510841714	2	Anaerostipes sp.
0.00040510841714	2	Nocardia abscessus
0.00040510841714	2	Roseibacterium elongatum
0.00040510841714	2	Tenacibaculum sp.
0.00040510841714	2	Pedobacter lusitanus
0.00040510841714	2	Muricauda antarctica
0.00040510841714	2	Acidovorax delafieldii
0.00040510841714	2	Arenibacter
0.00040510841714	2	Gramella sp.
0.00040510841714	2	Acidithrix ferrooxidans
0.00040510841714	2	Myroides injenensis
0.00040510841714	2	Gracilimonas tropica
0.00040510841714	2	Rhodoferax antarcticus
0.00040510841714	2	Herbaspirillum autotrophicum
0.00040510841714	2	Proteiniphilum saccharofermentans
0.00040510841714	2	Steroidobacter denitrificans
0.00040510841714	2	Chryseobacterium
0.00040510841714	2	Alishewanella sp.
0.00040510841714	2	Lutibacter sp.
0.00040510841714	2	Microbacterium sp.
0.00040510841714	2	Methylophilus sp.
0.00040510841714	2	Halomonas sp.
0.00040510841714	2	Hymenobacter sedentarius
0.00040510841714	2	Endozoicomonas arenosclerae
0.00040510841714	2	Rubrivivax gelatinosus
0.00040510841714	2	Rhodomicrobium udaipurense
0.00040510841714	2	Sulfitobacter sp.
0.00040510841714	2	Pseudohongiella spirulinae
0.00040510841714	2	Verrucomicrobia bacterium
0.00040510841714	2	Janibacter sp.
0.00040510841714	2	Polynucleobacter yangtzensis
0.00040510841714	2	Arcobacter sp.
0.00040510841714	2	Mucilaginibacter paludis
0.00040510841714	2	Xanthomarina gelatinilytica
0.00040510841714	2	Sediminicola sp.
0.00040510841714	2	Paracoccus sp.
0.00040510841714	2	Parvularcula oceani
0.00040510841714	2	Sphaerotilus natans
0.00040510841714	2	Methylovorus sp.
0.00040510841714	2	Nitratireductor soli
0.00040510841714	2	Pedobacter luteus
0.00040510841714	2	Pseudorhodobacter antarcticus
0.00040510841714	2	Dyadobacter sp.
0.00040510841714	2	Magnetococcus marinus
0.00040510841714	2	Spirosoma panaciterrae
0.00040510841714	2	Blastococcus sp.
0.00040510841714	2	Streptomyces rimosus
0.00040510841714	2	Roseomonas sp.
0.00040510841714	2	Acidiphilium multivorum
0.00040510841714	2	Flavobacterium tegetincola
0.00040510841714	2	Novosphingobium nitrogenifigens
0.00040510841714	2	Inquilinus limosus
0.00040510841714	2	Sandarakinorhabdus sp.
0.00040510841714	2	Plesiocystis pacifica
0.00040510841714	2	Ketogulonicigenium vulgare
0.00040510841714	2	Desulforegula conservatrix
0.00040510841714	2	Belnapia moabensis
0.00040510841714	2	Ideonella sp.
0.00040510841714	2	Bradyrhizobium elkanii
0.00040510841714	2	Nitrosomonas communis
0.00040510841714	2	Neptunomonas antarctica
0.00040510841714	2	Magnetofaba australis
0.00040510841714	2	Curvibacter delicatus
0.00040510841714	2	Modestobacter caceresii
0.00040510841714	2	Aquimarina muelleri
0.00040510841714	2	Nostoc sp. PCC 7524
0.00040510841714	2	Desulfovibrio sp.
0.00040510841714	2	Rickettsia canadensis
0.00040510841714	2	Pedobacter
0.00040510841714	2	Balneola sp.
0.00040510841714	2	Thermobispora bispora
0.00040510841714	2	Acetobacter nitrogenifigens
0.00040510841714	2	Leptolyngbya sp. JSC-1
0.00040510841714	2	Polaribacter sp.
0.00040510841714	2	Dysgonomonas sp.
0.00040510841714	2	Spirosoma rigui
0.00040510841714	2	Sphingobacteriaceae bacterium
0.00040510841714	2	Nitrosospira briensis
0.00040510841714	2	Burkholderia gladioli
0.00040510841714	2	Moheibacter sediminis
0.00040510841714	2	Mucilaginibacter pedocola
0.00040510841714	2	Pseudohongiella acticola
0.00040510841714	2	Dyella japonica
0.00040510841714	2	Acidothermus cellulolyticus
0.00040510841714	2	Dyadobacter alkalitolerans
0.00040510841714	2	Flavobacterium segetis
0.00040510841714	2	Rhodohalobacter halophilus
0.00040510841714	2	Flavobacterium beibuense
0.00040510841714	2	Rhodobacter sphaeroides
0.00040510841714	2	Janthinobacterium sp.
0.00040510841714	2	Thalassospira sp.
0.00040510841714	2	Arenibacter latericius
0.00040510841714	2	Streptomyces cellostaticus
0.00040510841714	2	Veillonella sp.
0.00040510841714	2	Sinomicrobium oceani
0.00040510841714	2	Intrasporangium calvum
0.00040510841714	2	Alcanivorax sp.
0.00040510841714	2	Aureimonas sp.
0.00040510841714	2	Candidatus Profftella
0.00040510841714	2	Anabaena sp. WA102
0.00040510841714	2	Labrys sp.
0.00040510841714	2	Shewanella amazonensis
0.00040510841714	2	Roseateles aquatilis
0.00040510841714	2	Aeromicrobium sp.
0.00040510841714	2	Pedobacter ginsenosidimutans
0.00040510841714	2	Algoriphagus halophilus
0.00040510841714	2	Polynucleobacter necessarius
0.00040510841714	2	Komagataeibacter
0.00040510841714	2	Thioalkalivibrio thiocyanodenitrificans
0.00040510841714	2	Pseudoalteromonas rubra
0.00040510841714	2	Jiangella alba
0.00040510841714	2	Capnocytophaga canis
0.00040510841714	2	Bernardetia litoralis
0.00040510841714	2	Acetobacteraceae
0.00040510841714	2	Ilumatobacter nonamiensis
0.00040510841714	2	pseudomallei group
0.00040510841714	2	Paracoccus
0.00040510841714	2	Sterolibacterium denitrificans
0.00040510841714	2	Flavobacterium granuli
0.00040510841714	2	Euryhalocaulis caribicus
0.00040510841714	2	Geminicoccus roseus
0.00020255420857	1	Nitrococcus mobilis
0.00020255420857	1	Bacillus nealsonii
0.00020255420857	1	Vibrio mytili
0.00020255420857	1	Rubinisphaera brasiliensis
0.00020255420857	1	Geobacter pickeringii
0.00020255420857	1	Nereida ignava
0.00020255420857	1	Thalassomonas viridans
0.00020255420857	1	Methylobacter whittenburyi
0.00020255420857	1	Candidatus Microthrix
0.00020255420857	1	Lysinimicrobium luteum
0.00020255420857	1	Candidatus Puniceispirillum
0.00020255420857	1	Mesoplasma florum
0.00020255420857	1	Thiomonas
0.00020255420857	1	Terasakiella sp.
0.00020255420857	1	Bordetella pertussis
0.00020255420857	1	Halomonas ilicicola
0.00020255420857	1	Actinomadura formosensis
0.00020255420857	1	Palleronia marisminoris
0.00020255420857	1	Pontibacter actiniarum
0.00020255420857	1	Citromicrobium sp.
0.00020255420857	1	Rhizobium etli
0.00020255420857	1	Parabacteroides sp.
0.00020255420857	1	Rahnella sp.
0.00020255420857	1	Plantibacter
0.00020255420857	1	Rhodospirillum centenum
0.00020255420857	1	Nocardioides
0.00020255420857	1	Thiomonas sp.
0.00020255420857	1	Cryobacterium sp.
0.00020255420857	1	Rhodoferax sp.
0.00020255420857	1	Luteibacter
0.00020255420857	1	Halothiobacillus sp.
0.00020255420857	1	Cellulosilyticum lentocellum
0.00020255420857	1	Cellulosimicrobium
0.00020255420857	1	Nonlabens dokdonensis
0.00020255420857	1	Streptomyces hygroscopicus
0.00020255420857	1	Mycobacterium tusciae
0.00020255420857	1	Tamlana sedimentorum
0.00020255420857	1	Actinospica robiniae
0.00020255420857	1	Sphingopyxis granuli
0.00020255420857	1	Alloactinosynnema sp.
0.00020255420857	1	Novosphingobium sp.
0.00020255420857	1	Xanthomonas massiliensis
0.00020255420857	1	Jatrophihabitans endophyticus
0.00020255420857	1	Alicyclobacillus acidocaldarius
0.00020255420857	1	Comamonas terrigena
0.00020255420857	1	Thermomonospora curvata
0.00020255420857	1	Pseudohaliea rubra
0.00020255420857	1	Dechloromonas aromatica
0.00020255420857	1	Pacificimonas flava
0.00020255420857	1	Amycolatopsis
0.00020255420857	1	Ferrovum
0.00020255420857	1	Polaromonas sp.
0.00020255420857	1	Bacteroides uniformis
0.00020255420857	1	Thermosynechococcus
0.00020255420857	1	Legionella londiniensis
0.00020255420857	1	Fulvimarina pelagi
0.00020255420857	1	Janthinobacterium lividum
0.00020255420857	1	Magnetovibrio blakemorei
0.00020255420857	1	Photobacterium proteolyticum
0.00020255420857	1	Desulfovibrio litoralis
0.00020255420857	1	Marichromatium purpuratum
0.00020255420857	1	Acidobacterium ailaaui
0.00020255420857	1	Ochrovirga pacifica
0.00020255420857	1	Lysobacter
0.00020255420857	1	Burkholderia catudaia
0.00020255420857	1	Acaricomes phytoseiuli
0.00020255420857	1	Rhodopirellula maiorica
0.00020255420857	1	Amycolatopsis taiwanensis
0.00020255420857	1	Nitrosomonas sp.
0.00020255420857	1	Formosa haliotis
0.00020255420857	1	Novosphingobium tardaugens
0.00020255420857	1	Cellvibrio mixtus
0.00020255420857	1	Legionella parisiensis
0.00020255420857	1	Pelobacter propionicus
0.00020255420857	1	Nosocomiicoccus
0.00020255420857	1	Sphingomonas-like bacterium
0.00020255420857	1	Archangium gephyra
0.00020255420857	1	delta proteobacterium
0.00020255420857	1	Aeromonas sp.
0.00020255420857	1	Marivita cryptomonadis
0.00020255420857	1	Porphyromonas uenonis
0.00020255420857	1	Pseudarthrobacter siccitolerans
0.00020255420857	1	Syntrophomonas wolfei
0.00020255420857	1	Dehalogenimonas formicexedens
0.00020255420857	1	Pelistega sp.
0.00020255420857	1	Hoeflea sp.
0.00020255420857	1	Sphingobacterium deserti
0.00020255420857	1	Rhizobium oryzae
0.00020255420857	1	Marinifilum fragile
0.00020255420857	1	Shewanella
0.00020255420857	1	Flavobacterium chungangense
0.00020255420857	1	Roseomonas
0.00020255420857	1	Riemerella columbina
0.00020255420857	1	Legionella longbeachae
0.00020255420857	1	Bartonella doshiae
0.00020255420857	1	Prevotella amnii
0.00020255420857	1	Moritella sp.
0.00020255420857	1	Dorea longicatena
0.00020255420857	1	Streptoalloteichus hindustanus
0.00020255420857	1	Rhizobium undicola
0.00020255420857	1	Gordonia kroppenstedtii
0.00020255420857	1	Alistipes indistinctus
0.00020255420857	1	Bacillus selenitireducens
0.00020255420857	1	Acetobacteraceae bacterium
0.00020255420857	1	Grimontia indica
0.00020255420857	1	Sulfurospirillum cavolei
0.00020255420857	1	Spirosoma sp.
0.00020255420857	1	Blastococcus saxobsidens
0.00020255420857	1	Orenia metallireducens
0.00020255420857	1	Cephaloticoccus capnophilus
0.00020255420857	1	Bacillales
0.00020255420857	1	Actinobaculum massiliense
0.00020255420857	1	Wolbachia pipientis
0.00020255420857	1	Chryseobacterium balustinum
0.00020255420857	1	Streptomyces scabrisporus
0.00020255420857	1	Caldimicrobium thiodismutans
0.00020255420857	1	Rhizobium bangladeshense
0.00020255420857	1	Acidithiobacillus caldus
0.00020255420857	1	Enterobacter muelleri
0.00020255420857	1	Kamptonema formosum
0.00020255420857	1	Ornatilinea apprima
0.00020255420857	1	Azospirillum oryzae
0.00020255420857	1	Magnetospirillum marisnigri
0.00020255420857	1	Moorea
0.00020255420857	1	Zobellia galactanivorans
0.00020255420857	1	Microbacterium hydrocarbonoxydans
0.00020255420857	1	Paenirhodobacter enshiensis
0.00020255420857	1	Oceanithermus profundus
0.00020255420857	1	Cupriavidus basilensis
0.00020255420857	1	Mucilaginibacter polytrichastri
0.00020255420857	1	Cellulophaga baltica
0.00020255420857	1	Bacillus coahuilensis
0.00020255420857	1	Ponticaulis koreensis
0.00020255420857	1	Chlamydia suis
0.00020255420857	1	Cloacibacterium normanense
0.00020255420857	1	Lysinimicrobium soli
0.00020255420857	1	Methylomonas
0.00020255420857	1	Blattabacterium sp.
0.00020255420857	1	Paraburkholderia acidipaludis
0.00020255420857	1	Gilvibacter sp.
0.00020255420857	1	Thermoanaerobacter uzonensis
0.00020255420857	1	Thermosulfidibacter takaii
0.00020255420857	1	Pelistega
0.00020255420857	1	Sporosarcina sp.
0.00020255420857	1	Gramella echinicola
0.00020255420857	1	Halomonas campaniensis
0.00020255420857	1	Woodsholea maritima
0.00020255420857	1	Aurantimonas sp.
0.00020255420857	1	Trichormus sp. NMC-1
0.00020255420857	1	Lacinutrix sp.
0.00020255420857	1	Methylotenera
0.00020255420857	1	Fictibacillus sp.
0.00020255420857	1	Alicyclobacillus pomorum
0.00020255420857	1	Cytophagales bacterium
0.00020255420857	1	Pseudorhodobacter ferrugineus
0.00020255420857	1	Turneriella parva
0.00020255420857	1	Methyloprofundus sedimenti
0.00020255420857	1	Acidiphilium
0.00020255420857	1	Paraburkholderia fungorum
0.00020255420857	1	Thermorudis peleae
0.00020255420857	1	Thiohalocapsa sp.
0.00020255420857	1	Flammeovirga
0.00020255420857	1	Sphingomonas adhaesiva
0.00020255420857	1	Oceanicola sp.
0.00020255420857	1	Candidatus Phaeomarinobacter
0.00020255420857	1	Prevotella ihumii
0.00020255420857	1	Bacillus soli
0.00020255420857	1	Pontibacillus
0.00020255420857	1	Candidatus Nitrospira
0.00020255420857	1	Aeromonas finlandiensis
0.00020255420857	1	Sphingobacteriaceae
0.00020255420857	1	Pedobacter arcticus
0.00020255420857	1	Sinomonas atrocyanea
0.00020255420857	1	Aliihoeflea sp.
0.00020255420857	1	Gordonia sp.
0.00020255420857	1	Rubellimicrobium mesophilum
0.00020255420857	1	Kosmotoga
0.00020255420857	1	Paenibacillus swuensis
0.00020255420857	1	Betaproteobacteria bacterium
0.00020255420857	1	Nitrosospira multiformis
0.00020255420857	1	Alishewanella
0.00020255420857	1	Caballeronia
0.00020255420857	1	Akkermansia muciniphila
0.00020255420857	1	Sediminispirochaeta smaragdinae
0.00020255420857	1	Syntrophothermus lipocalidus
0.00020255420857	1	Virgibacillus sp.
0.00020255420857	1	Salinimonas chungwhensis
0.00020255420857	1	Myroides odoratus
0.00020255420857	1	Janibacter indicus
0.00020255420857	1	Octadecabacter temperatus
0.00020255420857	1	Anaeromyxobacter dehalogenans
0.00020255420857	1	Rufibacter ruber
0.00020255420857	1	Intestinimonas massiliensis
0.00020255420857	1	Congregibacter litoralis
0.00020255420857	1	Asinibacterium
0.00020255420857	1	Capnocytophaga canimorsus
0.00020255420857	1	Clostridium stercorarium
0.00020255420857	1	Streptomyces griseoflavus
0.00020255420857	1	Leptotrichia sp.
0.00020255420857	1	Methylocaldum szegediense
0.00020255420857	1	Runella
0.00020255420857	1	Hyphomonas sp.
0.00020255420857	1	Rufibacter roseus
0.00020255420857	1	Aquitalea magnusonii
0.00020255420857	1	Oceanicola granulosus
0.00020255420857	1	Rhodococcus phenolicus
0.00020255420857	1	Magnetospirillum gryphiswaldense
0.00020255420857	1	Collimonas fungivorans
0.00020255420857	1	Haliangium sp.
0.00020255420857	1	Planctopirus sp.
0.00020255420857	1	Idiomarina atlantica
0.00020255420857	1	Candidatus Stoquefichus
0.00020255420857	1	Desulfonatronum thiodismutans
0.00020255420857	1	Lutibacter profundi
0.00020255420857	1	Gelidibacter mesophilus
0.00020255420857	1	Nitrosococcus halophilus
0.00020255420857	1	Cupriavidus sp.
0.00020255420857	1	Arenibacter nanhaiticus
0.00020255420857	1	Bacteroides intestinalis
0.00020255420857	1	Vaginella massiliensis
0.00020255420857	1	Virgibacillus alimentarius
0.00020255420857	1	Kocuria salsicia
0.00020255420857	1	Kineosporia sp.
0.00020255420857	1	Gemella sanguinis
0.00020255420857	1	Microbacterium trichothecenolyticum
0.00020255420857	1	Anaeromassilibacillus sp.
0.00020255420857	1	Anaeromyxobacter
0.00020255420857	1	Persephonella marina
0.00020255420857	1	Caldimonas manganoxidans
0.00020255420857	1	Paraburkholderia andropogonis
0.00020255420857	1	Clostridium perfringens
0.00020255420857	1	Nitrincola sp.
0.00020255420857	1	Croceitalea dokdonensis
0.00020255420857	1	Mangrovimonas sp.
0.00020255420857	1	Nocardia acidivorans
0.00020255420857	1	Brevibacillus borstelensis
0.00020255420857	1	Thioclava indica
0.00020255420857	1	Magnetospirillum magneticum
0.00020255420857	1	Kyrpidia tusciae
0.00020255420857	1	Echinicola pacifica
0.00020255420857	1	Levilinea saccharolytica
0.00020255420857	1	Haloferula sp.
0.00020255420857	1	Sulfuricella sp.
0.00020255420857	1	Anaerolinea thermolimosa
0.00020255420857	1	Terracidiphilus gabretensis
0.00020255420857	1	Massilia putida
0.00020255420857	1	Roseimaritima ulvae
0.00020255420857	1	Aequorivita viscosa
0.00020255420857	1	Herbaspirillum sp.
0.00020255420857	1	Sulfitobacter mediterraneus
0.00020255420857	1	Sporichthya polymorpha
0.00020255420857	1	Brevibacterium casei
0.00020255420857	1	Variovorax soli
0.00020255420857	1	Photorhabdus luminescens
0.00020255420857	1	Nonlabens
0.00020255420857	1	Vibrio galatheae
0.00020255420857	1	Sutterella parvirubra
0.00020255420857	1	unclassified Armatimonadetes
0.00020255420857	1	Robinsoniella peoriensis
0.00020255420857	1	Herbaspirillum seropedicae
0.00020255420857	1	Methylocaldum sp.
0.00020255420857	1	Faecalicatena contorta
0.00020255420857	1	Cutibacterium acnes
0.00020255420857	1	Herbaspirillum chlorophenolicum
0.00020255420857	1	Thermobifida fusca
0.00020255420857	1	Curtobacterium
0.00020255420857	1	Lysobacter capsici
0.00020255420857	1	Geobacillus sp.
0.00020255420857	1	Ralstonia sp.
0.00020255420857	1	Desulfatiglans anilini
0.00020255420857	1	Brevundimonas abyssalis
0.00020255420857	1	Azoarcus
0.00020255420857	1	Erythrobacter sp.
0.00020255420857	1	Vitreoscilla sp.
0.00020255420857	1	Chondromyces apiculatus
0.00020255420857	1	Gemmobacter nectariphilus
0.00020255420857	1	Pseudorhizobium pelagicum
0.00020255420857	1	Flavobacterium flevense
0.00020255420857	1	Rathayibacter sp.
0.00020255420857	1	Leeuwenhoekiella palythoae
0.00020255420857	1	Balneola vulgaris
0.00020255420857	1	Marinobacter sp.
0.00020255420857	1	Phycisphaera mikurensis
0.00020255420857	1	Chryseobacterium bovis
0.00020255420857	1	Bacteriovorax sp.
0.00020255420857	1	Kordiimonas gwangyangensis
0.00020255420857	1	Bacillus bataviensis
0.00020255420857	1	Erythrobacter litoralis
0.00020255420857	1	Cystobacter ferrugineus
0.00020255420857	1	Desulfovibrio fairfieldensis
0.00020255420857	1	Methylosinus
0.00020255420857	1	Salinibacter ruber
0.00020255420857	1	Rhizobium aegyptiacum
0.00020255420857	1	Acinetobacter bouvetii
0.00020255420857	1	Helicobacter fennelliae
0.00020255420857	1	Polycyclovorans algicola
0.00020255420857	1	Algoriphagus ratkowskyi
0.00020255420857	1	Planktothrix prolifica
0.00020255420857	1	Kiritimatiella glycovorans
0.00020255420857	1	Opitutaceae bacterium
0.00020255420857	1	Pseudoalteromonas
0.00020255420857	1	Chelatococcus
0.00020255420857	1	Thermotoga petrophila
0.00020255420857	1	Pontibacter lucknowensis
0.00020255420857	1	SAR116 cluster
0.00020255420857	1	Caldanaerobius fijiensis
0.00020255420857	1	Rhodovulum sp.
0.00020255420857	1	Crenothrix polyspora
0.00020255420857	1	Gynuella sunshinyii
0.00020255420857	1	Tuberibacillus calidus
0.00020255420857	1	Oleiphilus sp.
0.00020255420857	1	Dasania marina
0.00020255420857	1	Micavibrio aeruginosavorus
0.00020255420857	1	Siansivirga zeaxanthinifaciens
0.00020255420857	1	Chelatococcus daeguensis
0.00020255420857	1	Denitrovibrio acetiphilus
0.00020255420857	1	Bifidobacterium
0.00020255420857	1	Moraxella boevrei
0.00020255420857	1	Leifsonia sp.
0.00020255420857	1	Rhodanobacter sp.
0.00020255420857	1	Hippea alviniae
0.00020255420857	1	Rhodovibrio salinarum
0.00020255420857	1	Prevotella multiformis
0.00020255420857	1	Spiribacter salinus
0.00020255420857	1	Propionibacterium acidifaciens
0.00020255420857	1	Endozoicomonas sp.
0.00020255420857	1	Dysgonomonas gadei
0.00020255420857	1	Pelosinus sp.
0.00020255420857	1	Paenibacillus darwinianus
0.00020255420857	1	Comamonas testosteroni
0.00020255420857	1	Singulisphaera acidiphila
0.00020255420857	1	Serratia marcescens
0.00020255420857	1	Stenotrophomonas ginsengisoli
0.00020255420857	1	Vogesella sp.
0.00020255420857	1	Wolbachia
0.00020255420857	1	Acinetobacter defluvii
0.00020255420857	1	Mesorhizobium plurifarium
0.00020255420857	1	Noviherbaspirillum sp.
0.00020255420857	1	Acidiphilium cryptum
0.00020255420857	1	bacterium JKG1
0.00020255420857	1	Celeribacter marinus
0.00020255420857	1	Corynebacterium
0.00020255420857	1	Trueperella
0.00020255420857	1	Glaciecola pallidula
0.00020255420857	1	Aeromonas dhakensis
0.00020255420857	1	Xylophilus ampelinus
0.00020255420857	1	Microvirga flocculans
0.00020255420857	1	Curvibacter lanceolatus
0.00020255420857	1	Persicobacter
0.00020255420857	1	Flavobacterium reichenbachii
0.00020255420857	1	Streptomyces
0.00020255420857	1	Flavobacterium aquidurense
0.00020255420857	1	Flaviramulus ichthyoenteri
0.00020255420857	1	Aquaspirillum sp.
0.00020255420857	1	Dyadobacter beijingensis
0.00020255420857	1	Methyloversatilis sp.
0.00020255420857	1	Kiloniella majae
0.00020255420857	1	Rickettsia bellii
0.00020255420857	1	Planktothrix mougeotii
0.00020255420857	1	Vibrio cincinnatiensis
0.00020255420857	1	Bacteroides finegoldii
0.00020255420857	1	Rhodobacteraceae
0.00020255420857	1	Polynucleobacter wuianus
0.00020255420857	1	Pedobacter jeongneungensis
0.00020255420857	1	Angustibacter sp.
0.00020255420857	1	Ferrovum sp.
0.00020255420857	1	Barnesiella intestinihominis
0.00020255420857	1	Caulobacter sp.
0.00020255420857	1	Nesiotobacter exalbescens
0.00020255420857	1	Cyanobium
0.00020255420857	1	Nitratiruptor sp.
0.00020255420857	1	Duganella sacchari
0.00020255420857	1	Synechococcus elongatus
0.00020255420857	1	Crossiella equi
0.00020255420857	1	Nitrospirillum amazonense
0.00020255420857	1	Leptospira alstonii
0.00020255420857	1	Pedobacter steynii
0.00020255420857	1	Cobetia amphilecti
0.00020255420857	1	Phyllobacterium sp.
0.00020255420857	1	Rheinheimera salexigens
0.00020255420857	1	Candidatus Brocadia
0.00020255420857	1	Gemmata sp.
0.00020255420857	1	Rhodopseudomonas sp.
0.00020255420857	1	Zymobacter palmae
0.00020255420857	1	Hymenobacteraceae
0.00020255420857	1	Curtobacterium ammoniigenes
0.00020255420857	1	Psychromonas aquimarina
0.00020255420857	1	Flavobacterium saccharophilum
0.00020255420857	1	Actinomyces coleocanis
0.00020255420857	1	Clostridium cellulosi
0.00020255420857	1	Nitratireductor pacificus
0.00020255420857	1	Mesorhizobium alhagi
0.00020255420857	1	Ketogulonicigenium robustum
0.00020255420857	1	Rikenellaceae
0.00020255420857	1	Micromonospora avicenniae
0.00020255420857	1	Desulfuromonas soudanensis
0.00020255420857	1	Candidatus Symbiobacter
0.00020255420857	1	Olleya sp.
0.00020255420857	1	Maritalea myrionectae
0.00020255420857	1	Deinococcus maricopensis
0.00020255420857	1	Candidatus Contendobacter
0.00020255420857	1	Flavobacterium piscis
0.00020255420857	1	Arenimonas metalli
0.00020255420857	1	Martelella mediterranea
0.00020255420857	1	Clostridium amylolyticum
0.00020255420857	1	Colwellia sp.
0.00020255420857	1	Tepidimonas fonticaldi
0.00020255420857	1	Dehalobacter sp.
0.00020255420857	1	Asticcacaulis sp.
0.00020255420857	1	Aquimarina
0.00020255420857	1	Chryseobacterium antarcticum
0.00020255420857	1	Nodularia
0.00020255420857	1	Mariniphaga anaerophila
0.00020255420857	1	Cyclobacterium marinum
0.00020255420857	1	Derxia lacustris
0.00020255420857	1	Zhouia amylolytica
0.00020255420857	1	Lentisphaera araneosa
0.00020255420857	1	Hydrogenobacter thermophilus
0.00020255420857	1	Oleiphilus
0.00020255420857	1	Roseomonas rosea
0.00020255420857	1	Loktanella vestfoldensis
0.00020255420857	1	Paraburkholderia caribensis
0.00020255420857	1	Sphingomonas
0.00020255420857	1	Lactobacillus zymae
0.00020255420857	1	Chloroflexus aggregans
0.00020255420857	1	Alishewanella aestuarii
0.00020255420857	1	Clostridium baratii
0.00020255420857	1	Bacillus simplex
0.00020255420857	1	Acholeplasma oculi
0.00020255420857	1	Mediterranea sp.
0.00020255420857	1	Frankia inefficax
0.00020255420857	1	Mycobacterium abscessus
0.00020255420857	1	Candidatus Kryptobacter
0.00020255420857	1	Kordia jejudonensis
0.00020255420857	1	Thioflexothrix psekupsii
0.00020255420857	1	Hyphomonas
0.00020255420857	1	Alcanivorax nanhaiticus
0.00020255420857	1	Chlorobaculum parvum
0.00020255420857	1	Metallibacterium scheffleri
0.00020255420857	1	Hydrogenivirga sp.
0.00020255420857	1	Amycolatopsis regifaucium
0.00020255420857	1	Mesonia mobilis
0.00020255420857	1	Bariatricus massiliensis
0.00020255420857	1	Delftia
0.00020255420857	1	Mahella australiensis
0.00020255420857	1	Sanguibacter suarezii
0.00020255420857	1	Chryseobacterium piscicola
0.00020255420857	1	Pseudozobellia thermophila
0.00020255420857	1	Nitratireductor basaltis
0.00020255420857	1	Hymenobacter roseosalivarius
0.00020255420857	1	Pseudomonas moraviensis
0.00020255420857	1	Streptomyces abyssalis
0.00020255420857	1	Woeseia oceani
0.00020255420857	1	Desulfotignum phosphitoxidans
0.00020255420857	1	Flammeovirga pacifica
0.00020255420857	1	Serinicoccus sp.
0.00020255420857	1	Gilliamella apicola
0.00020255420857	1	Nocardia niigatensis
0.00020255420857	1	Halomonas xinjiangensis
0.00020255420857	1	Actinomadura kijaniata
0.00020255420857	1	Candidatus Solibacter
0.00020255420857	1	Paludisphaera borealis
0.00020255420857	1	Nitrosovibrio sp.
0.00020255420857	1	Thermoactinospora rubra
0.00020255420857	1	Porticoccus hydrocarbonoclasticus
0.00020255420857	1	Salinisphaera hydrothermalis
0.00020255420857	1	Noviherbaspirillum massiliense
0.00020255420857	1	Faecalibacterium prausnitzii
0.00020255420857	1	unclassified Rickettsia
0.00020255420857	1	Candidatus Rhodobacter
0.00020255420857	1	Myxococcus hansupus
0.00020255420857	1	Thermaerobacter subterraneus
0.00020255420857	1	Nautella italica
0.00020255420857	1	Actinomadura rubrobrunea
0.00020255420857	1	Labrenzia aggregata
0.00020255420857	1	Citreicella sp.
0.00020255420857	1	Chryseobacterium gregarium
0.00020255420857	1	Roseomonas cervicalis
0.00020255420857	1	Diaphorobacter sp.
0.00020255420857	1	Proteobacteria
0.00020255420857	1	Cupriavidus metallidurans
0.00020255420857	1	Alicyclobacillus sp.
0.00020255420857	1	Candidatus Filomicrobium
0.00020255420857	1	Afipia sp.
0.00020255420857	1	Candidatus Burkholderia
0.00020255420857	1	Rhizobium selenitireducens
0.00020255420857	1	Truepera radiovictrix
0.00020255420857	1	Dolosigranulum pigrum
0.00020255420857	1	Bacteroides sp.
0.00020255420857	1	Helicobacter winghamensis
0.00020255420857	1	Gluconacetobacter diazotrophicus
0.00020255420857	1	Aquimarina sp.
0.00020255420857	1	Advenella kashmirensis
0.00020255420857	1	Piscirickettsiaceae bacterium
0.00020255420857	1	Muricauda lutaonensis
0.00020255420857	1	Massilia sp.
0.00020255420857	1	Candidatus Jidaibacter
0.00020255420857	1	Aureimonas
0.00020255420857	1	Sandaracinus amylolyticus
0.00020255420857	1	Mucilaginibacter sp. L294
0.00020255420857	1	Tenacibaculum ovolyticum
0.00020255420857	1	Holospora obtusa
0.00020255420857	1	Hyphomonas adhaerens
0.00020255420857	1	Gorillibacterium massiliense
0.00020255420857	1	Leptospira wolbachii
0.00020255420857	1	Prosthecochloris sp.
0.00020255420857	1	Paraglaciecola arctica
0.00020255420857	1	Candidatus Protochlamydia
0.00020255420857	1	Helicobacter sp.
0.00020255420857	1	Nesterenkonia sp.
0.00020255420857	1	Anaerofilum sp.
0.00020255420857	1	Myroides marinus
0.00020255420857	1	Pseudovibrio hongkongensis
0.00020255420857	1	Micromonospora carbonacea
0.00020255420857	1	Caldithrix abyssi
0.00020255420857	1	Pannonibacter phragmitetus
0.00020255420857	1	Phenylobacterium zucineum
0.00020255420857	1	Rhodoferax ferrireducens
0.00020255420857	1	Acholeplasma laidlawii
0.00020255420857	1	Alicyclobacillus mali
0.00020255420857	1	Leeuwenhoekiella marinoflava
0.00020255420857	1	Desulfurobacterium sp.
0.00020255420857	1	Streptomyces bottropensis
0.00020255420857	1	Capnocytophaga ochracea
0.00020255420857	1	Bacteroidales
0.00020255420857	1	Streptomyces gilvigriseus
0.00020255420857	1	Hyalangium minutum
0.00020255420857	1	Thioclava dalianensis
0.00020255420857	1	Azohydromonas australica
0.00020255420857	1	Actinotignum timonense
0.00020255420857	1	Rhodospirillum rubrum
0.00020255420857	1	Robiginitalea biformata
0.00020255420857	1	Paraglaciecola psychrophila
0.00020255420857	1	Malonomonas rubra
0.00020255420857	1	Deefgea rivuli
0.00020255420857	1	Burkholderia pyrrocinia
0.00020255420857	1	Lactobacillus senmaizukei
0.00020255420857	1	Xylophilus sp.
0.00020255420857	1	Oceanibacterium hippocampi
0.00020255420857	1	Providencia alcalifaciens
0.00020255420857	1	Cellulomonas
0.00020255420857	1	Maribacter forsetii
0.00020255420857	1	Rheinheimera
0.00020255420857	1	Pontibacillus marinus
0.00020255420857	1	Halolactibacillus sp.
0.00020255420857	1	Desulfovibrio cuneatus
0.00020255420857	1	Photobacterium gaetbulicola
0.00020255420857	1	Synechocystis
0.00020255420857	1	Desulfobacter curvatus
0.00020255420857	1	Beijerinckia mobilis
0.00020255420857	1	Bacillus patagoniensis
0.00020255420857	1	Thermaerobacter marianensis
0.00020255420857	1	Acidovorax caeni
0.00020255420857	1	Joostella marina
0.00020255420857	1	Paraburkholderia sp.
0.00020255420857	1	Burkholderia hypogeia
0.00020255420857	1	Aequorivita soesokkakensis
0.00020255420857	1	Lutibaculum baratangense
0.00020255420857	1	Rhodothermaceae bacterium
0.00020255420857	1	Leptospira broomii
0.00020255420857	1	Rickettsia
0.00020255420857	1	Methylacidiphilum fumariolicum
0.00020255420857	1	Amycolatopsis coloradensis
0.00020255420857	1	Herbaspirillum lusitanum
0.00020255420857	1	Kribbella catacumbae
0.00020255420857	1	Wenyingzhuangia marina
0.00020255420857	1	Ktedonobacter racemifer
0.00020255420857	1	Galbibacter marinus
0.00020255420857	1	Cruoricaptor ignavus
0.00020255420857	1	Algiphilus aromaticivorans
0.00020255420857	1	Nosocomiicoccus ampullae
0.00020255420857	1	Cellulomonas sp.
0.00020255420857	1	Salegentibacter mishustinae
0.00020255420857	1	Acinetobacter larvae
0.00020255420857	1	Azospirillum lipoferum
0.00020255420857	1	Rhizobium tropici
0.00020255420857	1	Paraburkholderia sacchari
0.00020255420857	1	Polaribacter reichenbachii
0.00020255420857	1	Singulisphaera sp.
0.00020255420857	1	Croceibacter atlanticus
0.00020255420857	1	Roseburia intestinalis
0.00020255420857	1	Flavobacterium limnosediminis
0.00020255420857	1	Rhodovulum sulfidophilum
0.00020255420857	1	Zobellia uliginosa
0.00020255420857	1	Pseudooceanicola nanhaiensis
0.00020255420857	1	Gelidibacter algens
0.00020255420857	1	Nonomuraea coxensis
0.00020255420857	1	Oceanobacter kriegii
0.00020255420857	1	Catenulispora acidiphila
0.00020255420857	1	Vibrio vulnificus
0.00020255420857	1	Achromobacter arsenitoxydans
0.00020255420857	1	Porphyrobacter mercurialis
0.00020255420857	1	Gillisia sp.
0.00020255420857	1	Ruminiclostridium thermocellum
0.00020255420857	1	Azospirillum sp.
0.00020255420857	1	Leptospira
0.00020255420857	1	Elstera litoralis
0.00020255420857	1	Chromobacterium amazonense
0.00020255420857	1	Herpetosiphon geysericola
0.00020255420857	1	Sulfurospirillum arcachonense
0.00020255420857	1	Flavobacterium spartansii
0.00020255420857	1	Gabonia massiliensis
0.00020255420857	1	Methylopila sp.
0.00020255420857	1	Brachyspira hampsonii
0.00020255420857	1	Methylotenera versatilis
0.00020255420857	1	Bacillus obstructivus
0.00020255420857	1	Aeromonas salmonicida
0.00020255420857	1	Desulfospira joergensenii
0.00020255420857	1	Jonesia denitrificans
0.00020255420857	1	Olivibacter sitiensis
0.00020255420857	1	Tetrasphaera sp.
0.00020255420857	1	Idiomarina xiamenensis
0.00020255420857	1	Nisaea denitrificans
0.00020255420857	1	Pseudomonas gessardii
0.00020255420857	1	Lacinutrix mariniflava
0.00020255420857	1	Thermocrispum municipale
0.00020255420857	1	Oceanicaulis sp.
0.00020255420857	1	Calothrix sp. 3363
0.00020255420857	1	Chryseobacterium contaminans
0.00020255420857	1	Thaumasiovibrio occultus
0.00020255420857	1	Burkholderia ptereochthonis
0.00020255420857	1	Parvularcula bermudensis
0.00020255420857	1	Sneathiella glossodoripedis
0.00020255420857	1	Acidiferrobacter thiooxydans
0.00020255420857	1	Terracoccus sp.
0.00020255420857	1	Nonlabens sediminis
0.00020255420857	1	Luteimonas mephitis
0.00020255420857	1	Hymenobacter swuensis
0.00020255420857	1	Starkeya novella
0.00020255420857	1	Polaribacter dokdonensis
0.00020255420857	1	Rhodonellum psychrophilum
0.00020255420857	1	gamma proteobacterium
0.00020255420857	1	Agrobacterium tumefaciens
0.00020255420857	1	Bacteroides pectinophilus
0.00020255420857	1	Fodinicurvata sediminis
0.00020255420857	1	Cellulosimicrobium cellulans
0.00020255420857	1	Sulfuriferula sp.
0.00020255420857	1	Sphingobium sp.
0.00020255420857	1	Methyloversatilis thermotolerans
0.00020255420857	1	Idiomarina sp.
0.00020255420857	1	Draconibacterium orientale
0.00020255420857	1	Lysobacter concretionis
0.00020255420857	1	Leeuwenhoekiella sp.
0.00020255420857	1	Ehrlichia ruminantium
0.00020255420857	1	Anaerovibrio lipolyticus
0.00020255420857	1	Bellilinea caldifistulae
0.00020255420857	1	Gemella
0.00020255420857	1	Anaerosporomusa subterranea
0.00020255420857	1	Dyadobacter crusticola
0.00020255420857	1	Candidatus Kryptonium
0.00020255420857	1	Corynebacterium kroppenstedtii
0.00020255420857	1	Algoriphagus resistens
0.00020255420857	1	Thalassotalea sp.
0.00020255420857	1	Hymenobacter daecheongensis
0.00020255420857	1	Oscillibacter valericigenes
0.00020255420857	1	Burkholderiaceae
0.00020255420857	1	Ectothiorhodospira sp.
0.00020255420857	1	Streptomyces olindensis
0.00020255420857	1	Hymenobacter norwichensis
0.00020255420857	1	Caenimonas sp.
0.00020255420857	1	Labilibacter aurantiacus
0.00020255420857	1	Alteromonas sp.
0.00020255420857	1	Arenibacter troitsensis
0.00020255420857	1	Arenibacter certesii
0.00020255420857	1	Rhizobium taibaishanense
0.00020255420857	1	Candidatus Amoebophilus
0.00020255420857	1	Desulfitobacterium chlororespirans
0.00020255420857	1	Thermus oshimai
0.00020255420857	1	Candidatus Mycoplasma
0.00020255420857	1	Seonamhaeicola sp.
0.00020255420857	1	Deinococcus gobiensis
0.00020255420857	1	Solemya velesiana
0.00020255420857	1	Geobacillus
0.00020255420857	1	Legionella massiliensis
0.00020255420857	1	Empedobacter falsenii
0.00020255420857	1	Psychrobacter sp.
0.00020255420857	1	Aneurinibacillus aneurinilyticus
0.00020255420857	1	Clostridium bornimense
0.00020255420857	1	Rickettsia prowazekii
0.00020255420857	1	Saccharicrinis fermentans
0.00020255420857	1	Uliginosibacterium gangwonense
0.00020255420857	1	Muribaculum
0.00020255420857	1	Hydrogenobaculum sp.
0.00020255420857	1	Flavobacterium johnsoniae
0.00020255420857	1	Streptacidiphilus carbonis
0.00020255420857	1	Streptomyces gilvosporeus
0.00020255420857	1	Thalassobium sp.
0.00020255420857	1	Thalassobius
0.00020255420857	1	Ruegeria sp.
0.00020255420857	1	Dokdonia sp.
0.00020255420857	1	Buchnera aphidicola
0.00020255420857	1	Solirubrum puertoriconensis
0.00020255420857	1	Granulibacter bethesdensis
0.00020255420857	1	Porphyrobacter dokdonensis
0.00020255420857	1	Cecembia lonarensis
0.00020255420857	1	Pseudovibrio axinellae
0.00020255420857	1	Dechloromonas denitrificans
0.00020255420857	1	Sulfurovum sp.
0.00020255420857	1	Psychroflexus torquis
0.00020255420857	1	Devosia
0.00020255420857	1	Spirosoma luteum
0.00020255420857	1	Leeia oryzae
0.00020255420857	1	Ulvibacter sp.
0.00020255420857	1	Capnocytophaga gingivalis
0.00020255420857	1	Thiothrix lacustris
0.00020255420857	1	Streptomyces jeddahensis
0.00020255420857	1	Schleiferia thermophila
0.00020255420857	1	Maribacter thermophilus
0.00020255420857	1	Methylibium
0.00020255420857	1	Vulgatibacter incomptus
0.00020255420857	1	Streptomyces recifensis
0.00020255420857	1	Achromobacter sp.
0.00020255420857	1	Streptomyces pactum
0.00020255420857	1	Jannaschia rubra
0.00020255420857	1	Streptomyces malaysiense
0.00020255420857	1	Streptomyces prasinus
0.00020255420857	1	Bacillus horikoshii
0.00020255420857	1	Acinetobacter soli
0.00020255420857	1	Sulfitobacter pontiacus
0.00020255420857	1	Carboxydothermus ferrireducens
0.00020255420857	1	Micromonospora coxensis
0.00020255420857	1	Microbispora sp.
0.00020255420857	1	Kordiimonas lacus
0.00020255420857	1	Hydrogenophaga pseudoflava
0.00020255420857	1	Streptomyces paucisporeus
0.00020255420857	1	Pseudomonas mosselii
0.00020255420857	1	Haliangium ochraceum
0.00020255420857	1	Pseudonocardia thermophila
0.00020255420857	1	Photobacterium iliopiscarium
0.00020255420857	1	Nitrospira japonica
0.00020255420857	1	Martelella endophytica
0.00020255420857	1	Orientia chuto
0.00020255420857	1	Cellvibrio sp.
0.00020255420857	1	Mycobacterium fortuitum
0.00020255420857	1	Nakamurella multipartita
0.00020255420857	1	Youngiibacter fragilis
0.00020255420857	1	Legionella erythra
0.00020255420857	1	Hydrogenophaga palleronii
0.00020255420857	1	Burkholderiales
0.00020255420857	1	Microlunatus phosphovorus
0.00020255420857	1	Imtechella halotolerans
0.00020255420857	1	Celeribacter ethanolicus
0.00020255420857	1	Labrenzia suaedae
0.00020255420857	1	Pedobacter cryoconitis
0.00020255420857	1	Methylomonas sp.
0.00020255420857	1	Dyadobacter fermentans
0.00020255420857	1	Microtetraspora glauca
0.00020255420857	1	Pedobacter nyackensis
0.00020255420857	1	Cellvibrionaceae bacterium
0.00020255420857	1	Bacteroides helcogenes
0.00020255420857	1	Candidatus Sulcia
0.00020255420857	1	Azotobacter chroococcum
0.00020255420857	1	Mucinivorans hirudinis
0.00020255420857	1	Leptonema illini
0.00020255420857	1	Lysobacter sp.
0.00020255420857	1	Mycobacterium asiaticum
0.00020255420857	1	Colwellia piezophila
0.00020255420857	1	Clostridium ragsdalei
0.00020255420857	1	Desulfoplanes formicivorans
0.00020255420857	1	Verminephrobacter aporrectodeae
0.00020255420857	1	Salegentibacter sp.
0.00020255420857	1	Ralstonia
0.00020255420857	1	Cephaloticoccus primus
0.00020255420857	1	Listeria monocytogenes
0.00020255420857	1	Legionella oakridgensis
0.00020255420857	1	Granulosicoccus antarcticus
0.00020255420857	1	Aquimarina spongiae
0.00020255420857	1	Bradyrhizobium japonicum
0.00020255420857	1	Mycobacterium smegmatis
0.00020255420857	1	Roseomonas gilardii
0.00020255420857	1	Shinella sp.
0.00020255420857	1	Limnohabitans planktonicus
0.00020255420857	1	Pseudomonas flexibilis
0.00020255420857	1	Occidentia massiliensis
0.00020255420857	1	Desulfotomaculum thermosubterraneum
0.00020255420857	1	Paludibacter propionicigenes
