62.123300609	243373	Inediibacterium massiliense
10.5429882734	41303	Blautia massiliensis
8.58438117409	33630	Dolichospermum circinale
2.31086538118	9053	Streptococcus pneumoniae
2.01221162044	7883	Virgibacillus senegalensis
1.70564481134	6682	Anabaena sp.
1.48510049571	5818	Acinetobacter baumannii
1.2283093134	4812	Clostridiales bacterium
0.859969675157	3369	Fusobacterium nucleatum
0.602923233221	2362	Staphylococcus agnetis
0.602157454347	2359	Cylindrospermopsis raciborskii
0.595010184859	2331	Aphanizomenon flos-aquae
0.484482767423	1898	Nostocales
0.386718331215	1515	Nodularia spumigena
0.384165734969	1505	Nostoc calcicola
0.35404509927	1387	Bacteria
0.353279320397	1384	Vibrio parahaemolyticus
0.353279320397	1384	Nostoc sp.
0.33107173306	1297	Trichormus sp.
0.329284915688	1290	Bacillus aminovorans
0.304524732105	1193	Microcystis aeruginosa
0.241220345213	945	Synechococcus sp.
0.215183863508	843	Salmonella enterica
0.204207699651	800	Nostoc piscinale
0.168981871461	662	Coleofasciculus chthonoplastes
0.13477708177	528	Nostoc punctiforme
0.119206244671	467	Anabaena cylindrica
0.11690890805	458	Trichormus azollae
0.108230080815	424	Richelia intracellularis
0.0906171667203	355	Fortiea contorta
0.0903619070957	354	Legionella pneumophila
0.0901066474711	353	Ohtaekwangia koreensis
0.0898513878466	352	Chryseolinea serpens
0.0857672338536	336	Leptolyngbya sp.
0.0793857432394	311	Elizabethkingia anophelis
0.0676438005095	265	Chlamydia psittaci
0.0599860117726	235	Candidatus Regiella
0.0561571174041	220	Calothrix sp.
0.0500308864146	196	Scytonema sp.
0.043904655425	172	Anabaena
0.0431388765513	169	Aliterella atlantica
0.0426283573022	167	Microcoleus vaginatus
0.0410967995548	161	Prochlorococcus marinus
0.0393099821829	154	Aphanizomenonaceae
0.0375231648109	147	Arthrobacter sp.
0.0336942704425	132	Staphylococcus saprophyticus
0.0334390108179	131	Hapalosiphonaceae
0.0329284915688	129	Tamlana sp.
0.0326732319442	128	Pseudanabaena sp.
0.0319074530705	125	Cylindrospermum stagnale
0.0301206356986	118	Enterococcus faecium
0.0273127798284	107	Fischerella sp.
0.0237391450845	93	Nodularia sp.
0.0232286258353	91	Crinalium epipsammum
0.0219523277125	86	Nostoc
0.0209312892143	82	Fischerella
0.0201655103406	79	Geitlerinema sp.
0.0191444718423	75	Desulfobacula sp.
0.0188892122177	74	Crocosphaera watsonii
0.0178681737195	70	Colwellia sediminilitoris
0.0176129140949	69	Lactobacillus rossiae
0.0160813563475	63	Staphylococcus aureus
0.0160813563475	63	Cyanobacteria
0.0160813563475	63	Tolypothrix sp.
0.0160813563475	63	Enterococcus faecalis
0.015826096723	62	Chlorogloeopsis fritschii
0.0155708370984	61	Klebsiella pneumoniae
0.0155708370984	61	Bacillus cereus
0.014039279351	55	Hapalosiphon sp.
0.0137840197265	54	Cylindrospermopsis
0.0132735004773	52	Fulvivirga imtechensis
0.0127629812282	50	Microcoleus sp.
0.0125077216036	49	Scytonema hofmanni UTEX B 1581
0.0122524619791	48	Nostocales cyanobacterium
0.0122524619791	48	Cyanothece sp.
0.0122524619791	48	Xenococcus sp.
0.01174194273	46	Fischerella muscicola
0.01174194273	46	Oscillatoriales cyanobacterium
0.0114866831054	45	Gloeocapsa sp.
0.0114866831054	45	Pseudanabaena biceps
0.0112314234808	44	Moorea producens
0.0107209042317	42	Scytonema hofmannii
0.0102103849826	40	Hydrococcus rivularis
0.009955125358	39	Calothrix rhizosoleniae
0.009955125358	39	Planktothrix
0.00969986573344	38	Corynebacterium provencense
0.00969986573344	38	Synechocystis sp.
0.00918934648431	36	Trichodesmium erythraeum
0.00918934648431	36	Lyngbya confervoides
0.00918934648431	36	Stanieria cyanosphaera
0.00918934648431	36	Synechococcus
0.00918934648431	36	Bacillus thuringiensis
0.00842356761062	33	Phormidium ambiguum
0.00816830798605	32	Cylindrospermopsis sp.
0.00791304836149	31	Phormidesmis priestleyi
0.00765778873692	30	Nostocaceae
0.00740252911236	29	Tolypothrix campylonemoides
0.0071472694878	28	Mastigocladopsis repens
0.0071472694878	28	Herbaspirillum rubrisubalbicans
0.00689200986323	27	Chroococcidiopsis thermalis
0.00689200986323	27	Flavobacterium sp.
0.00689200986323	27	Pantoea vagans
0.00689200986323	27	Lyngbya sp.
0.00689200986323	27	Calothrix parietina
0.00663675023867	26	Cyanobium sp.
0.00663675023867	26	Escherichia coli
0.0063814906141	25	Mastigocoleus testarum
0.0063814906141	25	Candidatus Kryptonium
0.0063814906141	25	Rivularia sp.
0.0063814906141	25	Planktothrix sp.
0.00612623098954	24	Fluviicola taffensis
0.00612623098954	24	Leptolyngbya ohadii
0.00612623098954	24	Geminocystis herdmanii
0.00612623098954	24	Raphidiopsis brookii
0.00612623098954	24	Cyanothece
0.00612623098954	24	Pseudomonas syringae
0.00587097136498	23	Rheinheimera texasensis
0.00587097136498	23	Chitinophagaceae bacterium
0.00587097136498	23	unicellular cyanobacterium
0.00587097136498	23	Planktothrix agardhii
0.00587097136498	23	Phormidium tenue
0.00561571174041	22	Scytonema tolypothrichoides
0.00561571174041	22	Flavobacterium aquatile
0.00561571174041	22	Synechococcales
0.00536045211585	21	Chroococcaceae
0.00536045211585	21	unclassified Opitutaceae
0.00510519249128	20	Flammeovirgaceae bacterium
0.00510519249128	20	Arthrospira
0.00484993286672	19	Desertifilum sp.
0.00484993286672	19	Tolypothrix bouteillei
0.00459467324215	18	Reichenbachiella faecimaris
0.00459467324215	18	Leptolyngbya valderiana
0.00459467324215	18	Halothece sp.
0.00433941361759	17	Kamptonema
0.00433941361759	17	Gloeomargarita lithophora
0.00433941361759	17	Emticicia sp.
0.00408415399303	16	Gloeobacter violaceus
0.00408415399303	16	Candidatus Methylopumilus
0.00408415399303	16	Candidatus Pelagibacter
0.00408415399303	16	Pseudomonas aeruginosa
0.00382889436846	15	Geminocystis sp.
0.00382889436846	15	Hymenobacter sp.
0.00382889436846	15	Scytonema millei
0.00382889436846	15	Prochlorococcus
0.00382889436846	15	cyanobacterium PCC
0.0035736347439	14	Anaplasma phagocytophilum
0.0035736347439	14	Planktothrix tepida
0.00331837511933	13	Flavobacterium fontis
0.00331837511933	13	Planktothrix serta
0.00331837511933	13	Bacilli
0.00331837511933	13	Oscillatoria sp.
0.00331837511933	13	Mucilaginibacter sp.
0.00331837511933	13	Mariniradius saccharolyticus
0.00306311549477	12	Calothrix
0.00306311549477	12	Oscillatoria acuminata
0.00306311549477	12	Flavobacterium
0.00306311549477	12	Sediminibacterium ginsengisoli
0.00306311549477	12	Flectobacillus major
0.00306311549477	12	Nafulsella turpanensis
0.00306311549477	12	alpha proteobacterium
0.00306311549477	12	Comamonadaceae bacterium
0.00280785587021	11	Dactylococcopsis salina
0.00280785587021	11	Collimonas pratensis
0.00280785587021	11	Phormidium willei
0.00280785587021	11	Microcystis
0.00280785587021	11	Prochlorothrix hollandica
0.00280785587021	11	Flexithrix dorotheae
0.00280785587021	11	Pedobacter sp.
0.00280785587021	11	Spirosoma montaniterrae
0.00280785587021	11	Reichenbachiella agariperforans
0.00280785587021	11	Marivirga tractuosa
0.00280785587021	11	Algoriphagus sp.
0.00255259624564	10	Haliscomenobacter hydrossis
0.00255259624564	10	Arthrospira platensis
0.00255259624564	10	Spirulina major
0.00255259624564	10	Chroogloeocystis siderophila
0.00255259624564	10	Mastigocladus laminosus
0.00255259624564	10	Microcystis sp.
0.00255259624564	10	Rufibacter tibetensis
0.00255259624564	10	Cyanobium gracile
0.00255259624564	10	Leptolyngbya boryana
0.00255259624564	10	Gammaproteobacteria bacterium
0.00255259624564	10	Cesiribacter andamanensis
0.00255259624564	10	Sporocytophaga myxococcoides
0.00255259624564	10	Fabibacter misakiensis
0.00255259624564	10	Rheinheimera sp.
0.00255259624564	10	Pseudoalteromonas sp.
0.00229733662108	9	Fimbriimonas ginsengisoli
0.00229733662108	9	Rhizobacter sp.
0.00229733662108	9	Marivirga sericea
0.00229733662108	9	Chryseobacterium sp.
0.00229733662108	9	Limnohabitans sp.
0.00229733662108	9	Thermosynechococcus elongatus
0.00229733662108	9	Streptomyces sp.
0.00229733662108	9	Chthoniobacter flavus
0.00229733662108	9	Runella limosa
0.00229733662108	9	Anabaena sp. 90
0.00229733662108	9	Moritella viscosa
0.00229733662108	9	Oscillatoria nigro-viridis
0.00229733662108	9	Roseivirga spongicola
0.00204207699651	8	Fibrella aestuarina
0.00204207699651	8	Neosynechococcus sphagnicola
0.00204207699651	8	Flavobacterium soli
0.00204207699651	8	Roseivirga ehrenbergii
0.00204207699651	8	Arachidicoccus sp.
0.00204207699651	8	Pseudanabaena
0.00204207699651	8	Desulfosporosinus sp.
0.00204207699651	8	Algoriphagus marinus
0.00204207699651	8	Sediminibacterium sp.
0.00204207699651	8	Ilumatobacter coccineus
0.00204207699651	8	Pontibacillus halophilus
0.00204207699651	8	Spirulina subsalsa
0.00204207699651	8	Aeromonas piscicola
0.00178681737195	7	Microscilla marina
0.00178681737195	7	Sphingobacteriales bacterium
0.00178681737195	7	Crocinitomix sp.
0.00178681737195	7	Cytophaga hutchinsonii
0.00178681737195	7	Phormidium sp.
0.00178681737195	7	Pedobacter oryzae
0.00178681737195	7	Methylibium sp.
0.00178681737195	7	Flavobacterium filum
0.00178681737195	7	Planktothricoides sp.
0.00178681737195	7	Runella zeae
0.00178681737195	7	Candidatus Synechococcus
0.00178681737195	7	Moorea bouillonii
0.00178681737195	7	Flavobacterium sasangense
0.00178681737195	7	Pedosphaera parvula
0.00178681737195	7	Arsenicibacter rosenii
0.00178681737195	7	Pleurocapsa minor
0.00178681737195	7	Flavisolibacter sp.
0.00178681737195	7	Gloeobacter kilaueensis
0.00178681737195	7	Paraprevotella xylaniphila
0.00178681737195	7	Sphingomonas sp.
0.00178681737195	7	Limnoraphis robusta
0.00178681737195	7	Planktothrix rubescens
0.00178681737195	7	Pleurocapsa sp.
0.00178681737195	7	Methylophilales bacterium
0.00153155774738	6	Fabibacter sp.
0.00153155774738	6	filamentous cyanobacterium
0.00153155774738	6	Rubidibacter lacunae
0.00153155774738	6	Terrabacteria group
0.00153155774738	6	Sphingobacterium sp.
0.00153155774738	6	Flavihumibacter sp.
0.00153155774738	6	beta proteobacterium
0.00153155774738	6	Asinibacterium sp.
0.00153155774738	6	Bifidobacterium longum
0.00153155774738	6	Cyanobacterium aponinum
0.00153155774738	6	Rhizobium sp.
0.00153155774738	6	Paenibacillus sp.
0.00153155774738	6	Gemmobacter sp.
0.00153155774738	6	Polynucleobacter sp.
0.00153155774738	6	Halomicronema hongdechloris
0.00153155774738	6	Echinicola vietnamensis
0.00153155774738	6	Vibrio sp.
0.00153155774738	6	Flammeovirga sp.
0.00153155774738	6	Fuerstia marisgermanicae
0.00153155774738	6	Spirosoma spitsbergense
0.00153155774738	6	Lactobacillus harbinensis
0.00153155774738	6	Prosthecobacter debontii
0.00127629812282	5	Phormidium
0.00127629812282	5	Bosea sp.
0.00127629812282	5	Geobacter anodireducens
0.00127629812282	5	Roseivirga echinicomitans
0.00127629812282	5	Saprospira grandis
0.00127629812282	5	Flavobacterium suncheonense
0.00127629812282	5	Leptolyngbyaceae
0.00127629812282	5	Roseivirga seohaensis
0.00127629812282	5	Flavobacterium cucumis
0.00127629812282	5	Runella slithyformis
0.00127629812282	5	Chamaesiphon minutus
0.00127629812282	5	Flavobacterium succinicans
0.00127629812282	5	Eisenibacter elegans
0.00127629812282	5	Salinisphaera shabanensis
0.00127629812282	5	Pseudomonas sp.
0.00127629812282	5	Streptomyces thermoautotrophicus
0.00127629812282	5	Ramlibacter sp.
0.00127629812282	5	Cytophaga aurantiaca
0.00127629812282	5	Synechocystis sp. PCC 7509
0.00127629812282	5	Filimonas lacunae
0.00127629812282	5	Acaryochloris sp.
0.00127629812282	5	Prolixibacter bellariivorans
0.00127629812282	5	Thermonema rossianum
0.00127629812282	5	Mitsuaria chitosanitabida
0.00127629812282	5	Ramlibacter tataouinensis
0.00127629812282	5	Lewinella cohaerens
0.00127629812282	5	Oceanibaculum pacificum
0.00127629812282	5	Enterobacter ludwigii
0.00127629812282	5	Aureispira sp.
0.00102103849826	4	Emticicia oligotrophica
0.00102103849826	4	Leadbetterella byssophila
0.00102103849826	4	Flavobacterium columnare
0.00102103849826	4	Pelomonas puraquae
0.00102103849826	4	Niastella vici
0.00102103849826	4	Algoriphagus vanfongensis
0.00102103849826	4	Opitutus terrae
0.00102103849826	4	Belliella pelovolcani
0.00102103849826	4	Algoriphagus antarcticus
0.00102103849826	4	Planktothrix paucivesiculata
0.00102103849826	4	Niabella ginsenosidivorans
0.00102103849826	4	Nodosilinea nodulosa
0.00102103849826	4	Chlorobium chlorochromatii
0.00102103849826	4	Collimonas arenae
0.00102103849826	4	Archaea
0.00102103849826	4	Lunatimonas lonarensis
0.00102103849826	4	Bacillaceae
0.00102103849826	4	Polynucleobacter asymbioticus
0.00102103849826	4	Cnuella takakiae
0.00102103849826	4	Fibrisoma limi
0.00102103849826	4	Cyanobacterium sp.
0.00102103849826	4	Rudanella lutea
0.00102103849826	4	Pontibacter akesuensis
0.00102103849826	4	Flavobacterium terrae
0.00102103849826	4	Staphylococcus epidermidis
0.00102103849826	4	Rhodocista sp.
0.00102103849826	4	Mycobacterium elephantis
0.00102103849826	4	Pontibacter sp.
0.00102103849826	4	Acidovorax sp.
0.00102103849826	4	Flavobacterium antarcticum
0.00102103849826	4	Lacunisphaera limnophila
0.00102103849826	4	Gemmatimonas aurantiaca
0.00102103849826	4	Roseateles depolymerans
0.00102103849826	4	Flavobacterium gelidilacus
0.00102103849826	4	Flavobacterium psychrophilum
0.00102103849826	4	Alloprevotella tannerae
0.00102103849826	4	Rhodomicrobium vannielii
0.00102103849826	4	Hymenobacter aerophilus
0.00102103849826	4	Desulfonatronovibrio magnus
0.00102103849826	4	Polyangium brachysporum
0.00102103849826	4	Paucibacter sp.
0.00102103849826	4	Lyngbya aestuarii
0.00102103849826	4	Rhodobacter sp.
0.00102103849826	4	Adhaeribacter aquaticus
0.00102103849826	4	Flavobacterium branchiophilum
0.00102103849826	4	Terrimicrobium sacchariphilum
0.00102103849826	4	Bdellovibrio bacteriovorus
0.000765778873692	3	Lentimicrobium saccharophilum
0.000765778873692	3	Dongia sp.
0.000765778873692	3	Chitinophaga niabensis
0.000765778873692	3	Candidatus Paracaedibacter
0.000765778873692	3	Pyrinomonas methylaliphatogenes
0.000765778873692	3	Azospirillum halopraeferens
0.000765778873692	3	Methylomonas lenta
0.000765778873692	3	Flavihumibacter solisilvae
0.000765778873692	3	Flavobacterium haoranii
0.000765778873692	3	Methylomicrobium alcaliphilum
0.000765778873692	3	Blastopirellula marina
0.000765778873692	3	Paraburkholderia terrae
0.000765778873692	3	Mesorhizobium sp.
0.000765778873692	3	Cytophagales
0.000765778873692	3	Aeromonas hydrophila
0.000765778873692	3	unclassified Betaproteobacteria
0.000765778873692	3	Flavobacterium enshiense
0.000765778873692	3	Aquiflexum balticum
0.000765778873692	3	Niastella populi
0.000765778873692	3	Ideonella sakaiensis
0.000765778873692	3	Hydrogenophaga sp.
0.000765778873692	3	Flavobacterium seoulense
0.000765778873692	3	Geobacter sp.
0.000765778873692	3	Coxiella burnetii
0.000765778873692	3	Afifella pfennigii
0.000765778873692	3	Variovorax sp.
0.000765778873692	3	Magnetospirillum sp.
0.000765778873692	3	Roseivirga
0.000765778873692	3	Clostridium sp.
0.000765778873692	3	Roseiflexus sp.
0.000765778873692	3	Hymenobacter gelipurpurascens
0.000765778873692	3	Sinorhizobium saheli
0.000765778873692	3	Bacillus sp.
0.000765778873692	3	Orientia tsutsugamushi
0.000765778873692	3	Polaromonas jejuensis
0.000765778873692	3	Methylobacterium sp.
0.000765778873692	3	Nonomuraea sp.
0.000765778873692	3	Polynucleobacter
0.000765778873692	3	Rhodobacteraceae bacterium
0.000765778873692	3	Anaerophaga thermohalophila
0.000765778873692	3	Paenibacillus
0.000765778873692	3	Belliella baltica
0.000765778873692	3	Sediminibacterium salmoneum
0.000765778873692	3	Pelagibacteraceae bacterium
0.000765778873692	3	Algoriphagus faecimaris
0.000765778873692	3	Myxosarcina sp.
0.000765778873692	3	Anditalea andensis
0.000765778873692	3	Thermophagus xiamenensis
0.000765778873692	3	Solitalea canadensis
0.000765778873692	3	Mycobacterium sp.
0.000765778873692	3	cyanobacterium endosymbiont
0.000765778873692	3	Flavobacterium akiainvivens
0.000765778873692	3	Algoriphagus mannitolivorans
0.000765778873692	3	Pedobacter glucosidilyticus
0.000765778873692	3	Azoarcus sp.
0.000765778873692	3	Pleurocapsales
0.000765778873692	3	Acaryochloris marina
0.000765778873692	3	bacterium 3363
0.000765778873692	3	Ignavibacterium album
0.000765778873692	3	Cyclobacterium amurskyense
0.000765778873692	3	Flavobacterium hydatis
0.000765778873692	3	Polynucleobacter sinensis
0.000765778873692	3	Chitinophaga ginsengisegetis
0.000765778873692	3	Puniceibacterium sp.
0.000765778873692	3	Lachnospiraceae bacterium
0.000765778873692	3	Spirosoma radiotolerans
0.000765778873692	3	Caulobacteraceae bacterium
0.000765778873692	3	Caenispirillum salinarum
0.000765778873692	3	Salinivirga cyanobacteriivorans
0.000765778873692	3	Leptothrix cholodnii
0.000765778873692	3	Curvibacter gracilis
0.000765778873692	3	Niabella aurantiaca
0.000765778873692	3	Terrabacter sp.
0.000765778873692	3	Enterococcus
0.000765778873692	3	Flavobacterium frigoris
0.000765778873692	3	Rhizobacter gummiphilus
0.000765778873692	3	Hymenobacter psychrotolerans
0.000765778873692	3	Niastella yeongjuensis
0.000765778873692	3	Terrimonas ferruginea
0.000765778873692	3	Fibrella sp.
0.000765778873692	3	Tistrella mobilis
0.000765778873692	3	Hydrotalea flava
0.000765778873692	3	Nitritalea halalkaliphila
0.000510519249128	2	Microbacterium sp.
0.000510519249128	2	Candidatus Marispirochaeta
0.000510519249128	2	Haematospirillum jordaniae
0.000510519249128	2	Polaribacter sp.
0.000510519249128	2	Oxalobacteraceae bacterium
0.000510519249128	2	Gramella sp.
0.000510519249128	2	Herbaspirillum autotrophicum
0.000510519249128	2	Acidithrix ferrooxidans
0.000510519249128	2	Desulfovibrio sp.
0.000510519249128	2	Azohydromonas lata
0.000510519249128	2	Dyella japonica
0.000510519249128	2	Acetobacter malorum
0.000510519249128	2	Acidothermus cellulolyticus
0.000510519249128	2	Algoriphagus marincola
0.000510519249128	2	Verrucomicrobium sp.
0.000510519249128	2	Myxococcus fulvus
0.000510519249128	2	Flavisolibacter ginsengisoli
0.000510519249128	2	Bradyrhizobium sp.
0.000510519249128	2	Balneola sp.
0.000510519249128	2	Flavobacterium xinjiangense
0.000510519249128	2	Gracilimonas tropica
0.000510519249128	2	Desulfobacterium autotrophicum
0.000510519249128	2	Beggiatoa alba
0.000510519249128	2	Candidatus Marithrix
0.000510519249128	2	Flavihumibacter petaseus
0.000510519249128	2	Acetobacter nitrogenifigens
0.000510519249128	2	Desulfuromonas sp.
0.000510519249128	2	Rhodoferax fermentans
0.000510519249128	2	Variovorax boronicumulans
0.000510519249128	2	Azorhizobium doebereinerae
0.000510519249128	2	Spirosoma rigui
0.000510519249128	2	Rhodoferax antarcticus
0.000510519249128	2	Aquimarina longa
0.000510519249128	2	Mucilaginibacter lappiensis
0.000510519249128	2	Owenweeksia hongkongensis
0.000510519249128	2	Candidatus Rhodoluna
0.000510519249128	2	Melioribacter roseus
0.000510519249128	2	Proteiniphilum saccharofermentans
0.000510519249128	2	Sphingobacteriaceae bacterium
0.000510519249128	2	Helicobacter pylori
0.000510519249128	2	Nitratireductor soli
0.000510519249128	2	Aeromonas
0.000510519249128	2	Rheinheimera nanhaiensis
0.000510519249128	2	Rhodobacter johrii
0.000510519249128	2	Paraburkholderia kururiensis
0.000510519249128	2	Burkholderia gladioli
0.000510519249128	2	Chryseobacterium
0.000510519249128	2	Achromobacter xylosoxidans
0.000510519249128	2	Aequorivita vladivostokensis
0.000510519249128	2	Pedobacter ginsenosidimutans
0.000510519249128	2	Desulforegula conservatrix
0.000510519249128	2	Labilibacter marinus
0.000510519249128	2	Alishewanella sp.
0.000510519249128	2	Ottowia thiooxydans
0.000510519249128	2	Francisella tularensis
0.000510519249128	2	Campylobacter coli
0.000510519249128	2	Phaeospirillum fulvum
0.000510519249128	2	Hymenobacter sedentarius
0.000510519249128	2	Chlorobium phaeobacteroides
0.000510519249128	2	Pedobacter panaciterrae
0.000510519249128	2	Streptococcus mitis
0.000510519249128	2	Pedobacter luteus
0.000510519249128	2	Brevundimonas sp.
0.000510519249128	2	Phenylobacterium
0.000510519249128	2	Flavobacterium crassostreae
0.000510519249128	2	Ilumatobacter nonamiensis
0.000510519249128	2	Roseobacter sp.
0.000510519249128	2	Maribacter sp.
0.000510519249128	2	Duganella sp.
0.000510519249128	2	Fervidobacterium islandicum
0.000510519249128	2	Cupriavidus necator
0.000510519249128	2	Arenibacter latericius
0.000510519249128	2	Riemerella anatipestifer
0.000510519249128	2	Flavobacterium segetis
0.000510519249128	2	Alcanivorax sp.
0.000510519249128	2	Gimesia maris
0.000510519249128	2	Aeromonas veronii
0.000510519249128	2	Fischerella major
0.000510519249128	2	Pseudohongiella spirulinae
0.000510519249128	2	Flavobacterium beibuense
0.000510519249128	2	Pontibacter roseus
0.000510519249128	2	Pseudorhodobacter psychrotolerans
0.000510519249128	2	Spirochaeta thermophila
0.000510519249128	2	Candidatus Nucleicultrix
0.000510519249128	2	Vitellibacter aquimaris
0.000510519249128	2	Rhodobacter sphaeroides
0.000510519249128	2	Janthinobacterium sp.
0.000510519249128	2	Caldimonas taiwanensis
0.000510519249128	2	Janibacter sp.
0.000510519249128	2	Azospirillum humicireducens
0.000510519249128	2	Polynucleobacter yangtzensis
0.000510519249128	2	Acaryochloris
0.000510519249128	2	Indibacter alkaliphilus
0.000510519249128	2	Veillonella sp.
0.000510519249128	2	Caedibacter varicaedens
0.000510519249128	2	Flavobacterium rivuli
0.000510519249128	2	Zavarzinella formosa
0.000510519249128	2	Sinomicrobium oceani
0.000510519249128	2	Burkholderia sp.
0.000510519249128	2	Arcobacter sp.
0.000510519249128	2	Marinactinospora thermotolerans
0.000510519249128	2	Formosa sp.
0.000510519249128	2	Flavobacterium daejeonense
0.000510519249128	2	Sulfurospirillum sp.
0.000510519249128	2	Laribacter hongkongensis
0.000510519249128	2	Mesorhizobium
0.000510519249128	2	Pseudopedobacter saltans
0.000510519249128	2	Chitinophaga eiseniae
0.000510519249128	2	Xanthomarina gelatinilytica
0.000510519249128	2	Algibacter sp.
0.000510519249128	2	Mitsuaria sp.
0.000510519249128	2	Polynucleobacter duraquae
0.000510519249128	2	endosymbiont of
0.000510519249128	2	Loktanella sp.
0.000510519249128	2	Flavobacteria bacterium
0.000510519249128	2	Clostridioides difficile
0.000510519249128	2	Polynucleobacter necessarius
0.000510519249128	2	Sulfuricurvum kujiense
0.000510519249128	2	Pelodictyon luteolum
0.000510519249128	2	Oscillatoria sp. PCC 6506
0.000510519249128	2	Alloscardovia sp.
0.000510519249128	2	Hespellia stercorisuis
0.000510519249128	2	Bacillus
0.000510519249128	2	Planococcus maritimus
0.000510519249128	2	Alkaliflexus imshenetskii
0.000510519249128	2	Nitratireductor aquibiodomus
0.000510519249128	2	Thermosynechococcus sp.
0.000510519249128	2	Sorangium cellulosum
0.000510519249128	2	Noviherbaspirillum autotrophicum
0.000510519249128	2	Acidovorax delafieldii
0.000510519249128	2	Sphingobacterium spiritivorum
0.000510519249128	2	Segetibacter koreensis
0.000510519249128	2	Paracoccus
0.000510519249128	2	Kineosphaera limosa
0.000510519249128	2	Dyadobacter tibetensis
0.000510519249128	2	Pseudorhodobacter antarcticus
0.000510519249128	2	Magnetococcus marinus
0.000510519249128	2	Spirosoma panaciterrae
0.000510519249128	2	Caldilinea aerophila
0.000510519249128	2	Aliivibrio fischeri
0.000510519249128	2	Candidatus Profftella
0.000510519249128	2	Flavobacterium denitrificans
0.000510519249128	2	Algoriphagus terrigena
0.000510519249128	2	Niabella soli
0.000510519249128	2	Arenibacter
0.000510519249128	2	Tangfeifania diversioriginum
0.000510519249128	2	Sphingopyxis sp.
0.000510519249128	2	Komagataeibacter
0.000510519249128	2	Acidiphilium multivorum
0.000510519249128	2	Pelomonas sp.
0.000510519249128	2	Anaerostipes sp.
0.000510519249128	2	Inquilinus limosus
0.000510519249128	2	Pontibacter indicus
0.000510519249128	2	Plesiocystis pacifica
0.000510519249128	2	Caldimonas
0.000510519249128	2	Neptunomonas antarctica
0.000510519249128	2	Pseudoalteromonas rubra
0.000510519249128	2	Reyranella massiliensis
0.000510519249128	2	Methylotenera sp.
0.000510519249128	2	Roseibacterium elongatum
0.000510519249128	2	Labrys sp.
0.000510519249128	2	Flavobacterium glycines
0.000510519249128	2	Leadbetterella sp.
0.000510519249128	2	Bacteroidales bacterium
0.000510519249128	2	Ideonella sp.
0.000510519249128	2	Brevundimonas aveniformis
0.000510519249128	2	Tenacibaculum sp.
0.000510519249128	2	Fibrobacter sp.
0.000510519249128	2	Bradyrhizobium elkanii
0.000510519249128	2	Capnocytophaga canis
0.000510519249128	2	Bernardetia litoralis
0.000510519249128	2	Pedobacter lusitanus
0.000510519249128	2	Butyricimonas
0.000510519249128	2	Sphingobacterium nematocida
0.000510519249128	2	Desulfomonile tiedjei
0.000510519249128	2	Phaeodactylibacter xiamenensis
0.000510519249128	2	Sphaerotilus natans
0.000510519249128	2	Muricauda antarctica
0.000510519249128	2	Acidovorax
0.000510519249128	2	Shewanella amazonensis
0.000510519249128	2	pseudomallei group
0.000510519249128	2	Aeromicrobium sp.
0.000510519249128	2	Sterolibacterium denitrificans
0.000510519249128	2	Pararhodospirillum photometricum
0.000510519249128	2	Oscillatoriophycideae
0.000510519249128	2	Elioraea tepidiphila
0.000510519249128	2	Flavobacterium frigidarium
0.000255259624564	1	Virgibacillus sp.
0.000255259624564	1	Gabonia massiliensis
0.000255259624564	1	Flavobacterium fryxellicola
0.000255259624564	1	Methylopila sp.
0.000255259624564	1	Belnapia moabensis
0.000255259624564	1	Arenimonas metalli
0.000255259624564	1	Archangium gephyra
0.000255259624564	1	Oxalobacter formigenes
0.000255259624564	1	Serratia marcescens
0.000255259624564	1	Acidimicrobium ferrooxidans
0.000255259624564	1	Moheibacter sediminis
0.000255259624564	1	Deefgea rivuli
0.000255259624564	1	Rhodococcus wratislaviensis
0.000255259624564	1	Roseburia intestinalis
0.000255259624564	1	Mesonia mobilis
0.000255259624564	1	Myroides odoratus
0.000255259624564	1	Cruoricaptor ignavus
0.000255259624564	1	Nereida ignava
0.000255259624564	1	Buchnera aphidicola
0.000255259624564	1	Methylobacter whittenburyi
0.000255259624564	1	Mediterranea sp.
0.000255259624564	1	Oscillochloris trichoides
0.000255259624564	1	Janibacter indicus
0.000255259624564	1	Bacillus obstructivus
0.000255259624564	1	Lysinimicrobium luteum
0.000255259624564	1	Candidatus Puniceispirillum
0.000255259624564	1	Faecalibacterium prausnitzii
0.000255259624564	1	Martelella mediterranea
0.000255259624564	1	Truepera radiovictrix
0.000255259624564	1	Actinospica robiniae
0.000255259624564	1	Thiomonas
0.000255259624564	1	Capnocytophaga ochracea
0.000255259624564	1	Aeromonas salmonicida
0.000255259624564	1	Acidobacteriaceae bacterium
0.000255259624564	1	Hugenholtzia roseola
0.000255259624564	1	Methylosinus
0.000255259624564	1	Anaeromyxobacter dehalogenans
0.000255259624564	1	Clostridium amylolyticum
0.000255259624564	1	Bordetella pertussis
0.000255259624564	1	Colwellia sp.
0.000255259624564	1	Labilibacter aurantiacus
0.000255259624564	1	Intestinimonas massiliensis
0.000255259624564	1	Elizabethkingia meningoseptica
0.000255259624564	1	Prevotella multiformis
0.000255259624564	1	Halomonas ilicicola
0.000255259624564	1	Pedobacter
0.000255259624564	1	Actinomadura formosensis
0.000255259624564	1	Palleronia marisminoris
0.000255259624564	1	Aquimarina
0.000255259624564	1	Candidatus Amoebophilus
0.000255259624564	1	Herbaspirillum lusitanum
0.000255259624564	1	Pontibacter actiniarum
0.000255259624564	1	Thiomonas intermedia
0.000255259624564	1	Aquabacterium parvum
0.000255259624564	1	Marivita cryptomonadis
0.000255259624564	1	Aquincola tertiaricarbonis
0.000255259624564	1	Rhizobium etli
0.000255259624564	1	Planctopirus sp.
0.000255259624564	1	Nodularia
0.000255259624564	1	Parabacteroides sp.
0.000255259624564	1	Rahnella sp.
0.000255259624564	1	Flavobacterium limnosediminis
0.000255259624564	1	Idiomarina xiamenensis
0.000255259624564	1	Mariniphaga anaerophila
0.000255259624564	1	Seonamhaeicola sp.
0.000255259624564	1	Wolbachia
0.000255259624564	1	Nitrincola sp.
0.000255259624564	1	Rubellimicrobium mesophilum
0.000255259624564	1	Lacinutrix mariniflava
0.000255259624564	1	Thermocrispum municipale
0.000255259624564	1	Endozoicomonas arenosclerae
0.000255259624564	1	Alishewanella
0.000255259624564	1	Rhizobacter
0.000255259624564	1	Oceanicaulis sp.
0.000255259624564	1	Brevibacillus borstelensis
0.000255259624564	1	Nostoc sp. PCC 7524
0.000255259624564	1	Rufibacter roseus
0.000255259624564	1	Aquitalea magnusonii
0.000255259624564	1	Actinomyces coleocanis
0.000255259624564	1	Paraburkholderia caryophylli
0.000255259624564	1	Rhodothermus marinus
0.000255259624564	1	Nocardioides
0.000255259624564	1	Hydrogenobacter thermophilus
0.000255259624564	1	Verminephrobacter aporrectodeae
0.000255259624564	1	Thiomonas sp.
0.000255259624564	1	Flavobacterium indicum
0.000255259624564	1	Dysgonomonas sp.
0.000255259624564	1	Rhodoferax sp.
0.000255259624564	1	Paraburkholderia caribensis
0.000255259624564	1	Chryseobacterium contaminans
0.000255259624564	1	Rhizobium taibaishanense
0.000255259624564	1	Sphingomonas
0.000255259624564	1	Paraglaciecola psychrophila
0.000255259624564	1	Phaseolibacter flectens
0.000255259624564	1	Candidatus Stoquefichus
0.000255259624564	1	Luteibacter
0.000255259624564	1	Desulfonatronum thiodismutans
0.000255259624564	1	Halothiobacillus sp.
0.000255259624564	1	Amycolatopsis
0.000255259624564	1	Thaumasiovibrio occultus
0.000255259624564	1	Azohydromonas australica
0.000255259624564	1	Cellulosimicrobium
0.000255259624564	1	Lutibacter profundi
0.000255259624564	1	Gelidibacter mesophilus
0.000255259624564	1	Sediminibacterium
0.000255259624564	1	Burkholderia ptereochthonis
0.000255259624564	1	Mucilaginibacter paludis
0.000255259624564	1	Streptomyces hygroscopicus
0.000255259624564	1	Parvularcula bermudensis
0.000255259624564	1	Arenibacter nanhaiticus
0.000255259624564	1	Cryobacterium sp.
0.000255259624564	1	Acholeplasma oculi
0.000255259624564	1	Sneathiella glossodoripedis
0.000255259624564	1	Acidiferrobacter thiooxydans
0.000255259624564	1	Xanthomonas massiliensis
0.000255259624564	1	Methylotenera versatilis
0.000255259624564	1	Limnothrix rosea
0.000255259624564	1	Terracoccus sp.
0.000255259624564	1	Alloactinosynnema sp.
0.000255259624564	1	Kordia jejudonensis
0.000255259624564	1	Luteimonas mephitis
0.000255259624564	1	Hymenobacter swuensis
0.000255259624564	1	Zoogloea sp.
0.000255259624564	1	Starkeya novella
0.000255259624564	1	Polaribacter dokdonensis
0.000255259624564	1	Thioflexothrix psekupsii
0.000255259624564	1	Jatrophihabitans endophyticus
0.000255259624564	1	Kocuria salsicia
0.000255259624564	1	Nitrosospira briensis
0.000255259624564	1	Hyphomonas
0.000255259624564	1	Alcanivorax nanhaiticus
0.000255259624564	1	Gemella sanguinis
0.000255259624564	1	Chlorobaculum parvum
0.000255259624564	1	Butyricimonas sp.
0.000255259624564	1	Kiloniella laminariae
0.000255259624564	1	Steroidobacter denitrificans
0.000255259624564	1	gamma proteobacterium
0.000255259624564	1	Metallibacterium scheffleri
0.000255259624564	1	Komagataeibacter xylinus
0.000255259624564	1	Hydrogenivirga sp.
0.000255259624564	1	Sulfurospirillum cavolei
0.000255259624564	1	Amycolatopsis regifaucium
0.000255259624564	1	Novosphingobium sp.
0.000255259624564	1	Sutterella parvirubra
0.000255259624564	1	Bariatricus massiliensis
0.000255259624564	1	Thermomonospora curvata
0.000255259624564	1	Virgibacillus alimentarius
0.000255259624564	1	Cellulosimicrobium cellulans
0.000255259624564	1	Nitrosovibrio sp.
0.000255259624564	1	Anaeromyxobacter
0.000255259624564	1	Rhodobacteraceae
0.000255259624564	1	Persephonella marina
0.000255259624564	1	Pelistega
0.000255259624564	1	Chryseobacterium piscicola
0.000255259624564	1	Sphingobium sp.
0.000255259624564	1	Curvibacter sp.
0.000255259624564	1	Nitratireductor basaltis
0.000255259624564	1	Hymenobacter roseosalivarius
0.000255259624564	1	Candidatus Atelocyanobacterium
0.000255259624564	1	Clostridium perfringens
0.000255259624564	1	Bacteroides uniformis
0.000255259624564	1	Thermosynechococcus
0.000255259624564	1	Desulfovibrio litoralis
0.000255259624564	1	Streptomyces abyssalis
0.000255259624564	1	Croceitalea dokdonensis
0.000255259624564	1	Lysobacter concretionis
0.000255259624564	1	Woeseia oceani
0.000255259624564	1	Leeuwenhoekiella sp.
0.000255259624564	1	Methylobacillus sp.
0.000255259624564	1	SAR116 cluster
0.000255259624564	1	Hyalangium minutum
0.000255259624564	1	Desulfovibrio cuneatus
0.000255259624564	1	Legionella londiniensis
0.000255259624564	1	Herminiimonas sp.
0.000255259624564	1	Parapedobacter luteus
0.000255259624564	1	Thalassobium sp.
0.000255259624564	1	Serinicoccus sp.
0.000255259624564	1	Lutibacter sp.
0.000255259624564	1	Gilliamella apicola
0.000255259624564	1	Pirellula staleyi
0.000255259624564	1	Magnetovibrio blakemorei
0.000255259624564	1	Gemella
0.000255259624564	1	Photobacterium proteolyticum
0.000255259624564	1	Kyrpidia tusciae
0.000255259624564	1	Cystobacter ferrugineus
0.000255259624564	1	Echinicola pacifica
0.000255259624564	1	Chitinophaga pinensis
0.000255259624564	1	Acidobacterium ailaaui
0.000255259624564	1	Actinomadura kijaniata
0.000255259624564	1	Halomonas sp.
0.000255259624564	1	Corynebacterium kroppenstedtii
0.000255259624564	1	Paludisphaera borealis
0.000255259624564	1	Myroides injenensis
0.000255259624564	1	Pedobacter jeongneungensis
0.000255259624564	1	Mucilaginibacter pedocola
0.000255259624564	1	Algoriphagus resistens
0.000255259624564	1	Rubinisphaera brasiliensis
0.000255259624564	1	Ochrovirga pacifica
0.000255259624564	1	Methylomonas koyamae
0.000255259624564	1	Kribbella sp.
0.000255259624564	1	Tetrasphaera sp.
0.000255259624564	1	Joostella marina
0.000255259624564	1	Didymococcus colitermitum
0.000255259624564	1	Bryobacter aggregatus
0.000255259624564	1	Paraburkholderia sacchari
0.000255259624564	1	Fictibacillus sp.
0.000255259624564	1	Ectothiorhodospira sp.
0.000255259624564	1	Amycolatopsis taiwanensis
0.000255259624564	1	Microbacterium laevaniformans
0.000255259624564	1	Bacillus nealsonii
0.000255259624564	1	Rhizobiales bacterium
0.000255259624564	1	Sporichthya polymorpha
0.000255259624564	1	Hydrocarboniphaga effusa
0.000255259624564	1	Alteromonas sp.
0.000255259624564	1	Gynuella sunshinyii
0.000255259624564	1	Variovorax soli
0.000255259624564	1	Arenibacter certesii
0.000255259624564	1	Nitrosomonas sp.
0.000255259624564	1	Plantibacter
0.000255259624564	1	Candidatus Rhodobacter
0.000255259624564	1	Rubrivivax gelatinosus
0.000255259624564	1	Rhodomicrobium udaipurense
0.000255259624564	1	Corynebacterium
0.000255259624564	1	Formosa haliotis
0.000255259624564	1	Hydrogenophaga
0.000255259624564	1	Rhodopseudomonas palustris
0.000255259624564	1	Chitinophaga jiangningensis
0.000255259624564	1	Wolbachia pipientis
0.000255259624564	1	unclassified Armatimonadetes
0.000255259624564	1	Flavobacterium subsaxonicum
0.000255259624564	1	Cellvibrio mixtus
0.000255259624564	1	Legionella parisiensis
0.000255259624564	1	Thermaerobacter subterraneus
0.000255259624564	1	Dechloromonas denitrificans
0.000255259624564	1	Dyadobacter alkalitolerans
0.000255259624564	1	Methylomonas
0.000255259624564	1	Desulfitobacterium chlororespirans
0.000255259624564	1	Nosocomiicoccus
0.000255259624564	1	Herbaspirillum seropedicae
0.000255259624564	1	Sulfuricella sp.
0.000255259624564	1	Rhodohalobacter halophilus
0.000255259624564	1	Sphingomonas-like bacterium
0.000255259624564	1	Leptolyngbya sp. JSC-1
0.000255259624564	1	Thermus oshimai
0.000255259624564	1	Geothrix fermentans
0.000255259624564	1	Actinomadura rubrobrunea
0.000255259624564	1	Citreicella sp.
0.000255259624564	1	Rhizobium tropici
0.000255259624564	1	Clostridium bornimense
0.000255259624564	1	delta proteobacterium
0.000255259624564	1	Porphyrobacter mercurialis
0.000255259624564	1	Herbaspirillum chlorophenolicum
0.000255259624564	1	Acinetobacter larvae
0.000255259624564	1	Curtobacterium
0.000255259624564	1	Chryseobacterium gregarium
0.000255259624564	1	Algoriphagus machipongonensis
0.000255259624564	1	Psychroflexus torquis
0.000255259624564	1	Rathayibacter sp.
0.000255259624564	1	Deinococcus gobiensis
0.000255259624564	1	Diaphorobacter sp.
0.000255259624564	1	Geobacillus
0.000255259624564	1	Pseudarthrobacter siccitolerans
0.000255259624564	1	Ralstonia sp.
0.000255259624564	1	Komagataeibacter rhaeticus
0.000255259624564	1	Brevundimonas abyssalis
0.000255259624564	1	Proteobacteria
0.000255259624564	1	Syntrophomonas wolfei
0.000255259624564	1	Azoarcus
0.000255259624564	1	Cupriavidus metallidurans
0.000255259624564	1	Glaciecola pallidula
0.000255259624564	1	Desulfocarbo indianensis
0.000255259624564	1	Brevibacterium casei
0.000255259624564	1	Enterobacter muelleri
0.000255259624564	1	Pelistega sp.
0.000255259624564	1	Massilia timonae
0.000255259624564	1	Sulfuriferula sp.
0.000255259624564	1	Aeromonas sp.
0.000255259624564	1	Sphingobacterium deserti
0.000255259624564	1	Psychrobacter sp.
0.000255259624564	1	Gemmobacter nectariphilus
0.000255259624564	1	Pseudorhizobium pelagicum
0.000255259624564	1	Marinifilum fragile
0.000255259624564	1	Enhydrobacter aerosaccus
0.000255259624564	1	Noviherbaspirillum massiliense
0.000255259624564	1	Clostridium stercorarium
0.000255259624564	1	Roseovarius sp.
0.000255259624564	1	Flavobacterium chungangense
0.000255259624564	1	Nocardioides sp.
0.000255259624564	1	Balneola vulgaris
0.000255259624564	1	Hylemonella gracilis
0.000255259624564	1	Devosia
0.000255259624564	1	Bartonella doshiae
0.000255259624564	1	Phycisphaera mikurensis
0.000255259624564	1	Prevotella amnii
0.000255259624564	1	Rickettsia prowazekii
0.000255259624564	1	Gluconacetobacter diazotrophicus
0.000255259624564	1	Moritella sp.
0.000255259624564	1	Nosocomiicoccus ampullae
0.000255259624564	1	Aquimarina sp.
0.000255259624564	1	Streptomyces cellostaticus
0.000255259624564	1	Saccharicrinis fermentans
0.000255259624564	1	Bacillus bataviensis
0.000255259624564	1	Uliginosibacterium gangwonense
0.000255259624564	1	Bacteroides sp.
0.000255259624564	1	Muribaculum
0.000255259624564	1	Massilia sp.
0.000255259624564	1	Gemmatimonas phototrophica
0.000255259624564	1	Burkholderiales bacterium
0.000255259624564	1	Desulfuromonas soudanensis
0.000255259624564	1	Anaerovibrio lipolyticus
0.000255259624564	1	Methylocaldum sp.
0.000255259624564	1	Nonlabens
0.000255259624564	1	Candidatus Jidaibacter
0.000255259624564	1	Sphingopyxis terrae
0.000255259624564	1	Octadecabacter temperatus
0.000255259624564	1	Pseudomonas moraviensis
0.000255259624564	1	Salinibacter ruber
0.000255259624564	1	Hydrogenobaculum sp.
0.000255259624564	1	Acinetobacter bouvetii
0.000255259624564	1	Bacillus selenitireducens
0.000255259624564	1	Novosphingobium tardaugens
0.000255259624564	1	Citrobacter freundii
0.000255259624564	1	Algoriphagus ratkowskyi
0.000255259624564	1	Flavobacterium saccharophilum
0.000255259624564	1	Streptomyces gilvosporeus
0.000255259624564	1	Tenacibaculum ovolyticum
0.000255259624564	1	Acetobacteraceae bacterium
0.000255259624564	1	Thalassobius
0.000255259624564	1	Lysobacter
0.000255259624564	1	Thermobispora bispora
0.000255259624564	1	Planctomyces sp.
0.000255259624564	1	Planktothrix prolifica
0.000255259624564	1	Niastella koreensis
0.000255259624564	1	Streptomyces griseoflavus
0.000255259624564	1	Pseudoalteromonas
0.000255259624564	1	Geobacillus sp.
0.000255259624564	1	Hyphomonas adhaerens
0.000255259624564	1	Chelatococcus
0.000255259624564	1	Idiomarina sp.
0.000255259624564	1	Leptospira wolbachii
0.000255259624564	1	Ruegeria sp.
0.000255259624564	1	Dokdonia sp.
0.000255259624564	1	Prosthecochloris sp.
0.000255259624564	1	Bacillales
0.000255259624564	1	Spirosoma sp.
0.000255259624564	1	Nakamurella multipartita
0.000255259624564	1	Granulibacter bethesdensis
0.000255259624564	1	Leptotrichia sp.
0.000255259624564	1	Candidatus Protochlamydia
0.000255259624564	1	Crenothrix polyspora
0.000255259624564	1	Tuberibacillus calidus
0.000255259624564	1	Candidatus Mycoplasma
0.000255259624564	1	Anaerofilum sp.
0.000255259624564	1	Rhodospirillales bacterium
0.000255259624564	1	Myroides marinus
0.000255259624564	1	Oleiphilus sp.
0.000255259624564	1	Cyclobacterium lianum
0.000255259624564	1	Ruminococcus sp.
0.000255259624564	1	Dasania marina
0.000255259624564	1	Micavibrio aeruginosavorus
0.000255259624564	1	Micromonospora carbonacea
0.000255259624564	1	Caldithrix abyssi
0.000255259624564	1	Roseomonas sp.
0.000255259624564	1	Siansivirga zeaxanthinifaciens
0.000255259624564	1	Piscirickettsiaceae bacterium
0.000255259624564	1	Chelatococcus daeguensis
0.000255259624564	1	Denitrovibrio acetiphilus
0.000255259624564	1	Streptomyces recifensis
0.000255259624564	1	Methylocaldum szegediense
0.000255259624564	1	Rhizobium aegyptiacum
0.000255259624564	1	Roseomonas
0.000255259624564	1	Acholeplasma laidlawii
0.000255259624564	1	Leifsonia sp.
0.000255259624564	1	Leeuwenhoekiella marinoflava
0.000255259624564	1	Pedobacter arcticus
0.000255259624564	1	Sediminicola sp.
0.000255259624564	1	Flammeovirga pacifica
0.000255259624564	1	Noviherbaspirillum denitrificans
0.000255259624564	1	Ulvibacter sp.
0.000255259624564	1	Aureimonas
0.000255259624564	1	Capnocytophaga gingivalis
0.000255259624564	1	Oceanibacterium hippocampi
0.000255259624564	1	Alistipes sp.
0.000255259624564	1	Porphyromonas gingivalis
0.000255259624564	1	Rhodanobacter sp.
0.000255259624564	1	Mangrovimonas sp.
0.000255259624564	1	Zymobacter palmae
0.000255259624564	1	Kordiimonas gwangyangensis
0.000255259624564	1	Maribacter thermophilus
0.000255259624564	1	Salinimonas chungwhensis
0.000255259624564	1	Holospora obtusa
0.000255259624564	1	Spiribacter salinus
0.000255259624564	1	Xylophilus ampelinus
0.000255259624564	1	Curvibacter lanceolatus
0.000255259624564	1	Bacteroidales
0.000255259624564	1	Gelidibacter algens
0.000255259624564	1	Mycobacterium tuberculosis
0.000255259624564	1	Pseudomonas gessardii
0.000255259624564	1	Paracoccus sp.
0.000255259624564	1	Caldimicrobium thiodismutans
0.000255259624564	1	Thermoanaerobacter uzonensis
0.000255259624564	1	Acidithiobacillus caldus
0.000255259624564	1	Dysgonomonas gadei
0.000255259624564	1	Achromobacter sp.
0.000255259624564	1	Streptomyces pactum
0.000255259624564	1	Kamptonema formosum
0.000255259624564	1	Jannaschia rubra
0.000255259624564	1	Streptomyces malaysiense
0.000255259624564	1	Streptomyces prasinus
0.000255259624564	1	Hippea alviniae
0.000255259624564	1	Pelosinus sp.
0.000255259624564	1	Cephaloticoccus capnophilus
0.000255259624564	1	Paenibacillus darwinianus
0.000255259624564	1	Comamonas testosteroni
0.000255259624564	1	Sunxiuqinia dokdonensis
0.000255259624564	1	Flavobacterium aquidurense
0.000255259624564	1	Vaginella massiliensis
0.000255259624564	1	Parvularcula oceani
0.000255259624564	1	Variovorax paradoxus
0.000255259624564	1	Carboxydothermus ferrireducens
0.000255259624564	1	Methylibium
0.000255259624564	1	Micromonospora coxensis
0.000255259624564	1	Myxococcus hansupus
0.000255259624564	1	Rhodospirillum rubrum
0.000255259624564	1	Singulisphaera acidiphila
0.000255259624564	1	Robiginitalea biformata
0.000255259624564	1	Stenotrophomonas ginsengisoli
0.000255259624564	1	Thioclava indica
0.000255259624564	1	Vogesella sp.
0.000255259624564	1	Roseateles terrae
0.000255259624564	1	Flaviramulus ichthyoenteri
0.000255259624564	1	Acinetobacter defluvii
0.000255259624564	1	Vibrio vulnificus
0.000255259624564	1	Microbacterium hydrocarbonoxydans
0.000255259624564	1	Aquaspirillum sp.
0.000255259624564	1	Kordiimonas lacus
0.000255259624564	1	Noviherbaspirillum sp.
0.000255259624564	1	Paenirhodobacter enshiensis
0.000255259624564	1	Nocardia niigatensis
0.000255259624564	1	Oceanithermus profundus
0.000255259624564	1	Malonomonas rubra
0.000255259624564	1	Hydrogenophaga pseudoflava
0.000255259624564	1	Tamlana sedimentorum
0.000255259624564	1	Burkholderia pyrrocinia
0.000255259624564	1	Rhizobium oryzae
0.000255259624564	1	Draconibacterium orientale
0.000255259624564	1	Lentisphaera araneosa
0.000255259624564	1	Algoriphagus halophilus
0.000255259624564	1	Cellulophaga baltica
0.000255259624564	1	Paraburkholderia sp.
0.000255259624564	1	Cellulomonas
0.000255259624564	1	Spirosoma luteum
0.000255259624564	1	bacterium JKG1
0.000255259624564	1	Chondromyces apiculatus
0.000255259624564	1	Maribacter forsetii
0.000255259624564	1	Mucilaginibacter sp. L294
0.000255259624564	1	Bacillus coahuilensis
0.000255259624564	1	Aliihoeflea sp.
0.000255259624564	1	Dyadobacter sp.
0.000255259624564	1	Ponticaulis koreensis
0.000255259624564	1	Celeribacter marinus
0.000255259624564	1	Chlamydia suis
0.000255259624564	1	Cloacibacterium normanense
0.000255259624564	1	Persicobacter
0.000255259624564	1	Mycobacterium smegmatis
0.000255259624564	1	Lysinimicrobium soli
0.000255259624564	1	Rubrivivax benzoatilyticus
0.000255259624564	1	Pelobacter propionicus
0.000255259624564	1	Pontibacillus marinus
0.000255259624564	1	Bacillus subtilis
0.000255259624564	1	Halomonas campaniensis
0.000255259624564	1	Martelella endophytica
0.000255259624564	1	Photobacterium gaetbulicola
0.000255259624564	1	Synechocystis
0.000255259624564	1	Desulfobacter curvatus
0.000255259624564	1	Dyadobacter crusticola
0.000255259624564	1	Orientia chuto
0.000255259624564	1	Aeromonas dhakensis
0.000255259624564	1	Gilvibacter sp.
0.000255259624564	1	Beijerinckia mobilis
0.000255259624564	1	Cellvibrio sp.
0.000255259624564	1	Pseudozobellia thermophila
0.000255259624564	1	Curvibacter delicatus
0.000255259624564	1	Thermosulfidibacter takaii
0.000255259624564	1	Oleiphilus
0.000255259624564	1	Dolosigranulum pigrum
0.000255259624564	1	Bacillus patagoniensis
0.000255259624564	1	Flavobacterium reichenbachii
0.000255259624564	1	Desulfurobacterium sp.
0.000255259624564	1	Levilinea saccharolytica
0.000255259624564	1	Spirosoma aerolatum
0.000255259624564	1	Actinobacteria bacterium
0.000255259624564	1	Youngiibacter fragilis
0.000255259624564	1	Sporosarcina sp.
0.000255259624564	1	Haloferula sp.
0.000255259624564	1	Legionella erythra
0.000255259624564	1	Hydrogenophaga palleronii
0.000255259624564	1	Acidiphilium cryptum
0.000255259624564	1	Luteipulveratus halotolerans
0.000255259624564	1	Acidovorax caeni
0.000255259624564	1	Gramella echinicola
0.000255259624564	1	Dyadobacter beijingensis
0.000255259624564	1	Burkholderiales
0.000255259624564	1	Methyloversatilis sp.
0.000255259624564	1	Geofilum rubicundum
0.000255259624564	1	Flavobacterium tegetincola
0.000255259624564	1	Rickettsia bellii
0.000255259624564	1	Novosphingobium nitrogenifigens
0.000255259624564	1	Celeribacter ethanolicus
0.000255259624564	1	Endozoicomonas sp.
0.000255259624564	1	Planktothrix mougeotii
0.000255259624564	1	Labrenzia suaedae
0.000255259624564	1	Pseudohongiella acticola
0.000255259624564	1	Bacteroides finegoldii
0.000255259624564	1	Vibrio cincinnatiensis
0.000255259624564	1	Lutibaculum baratangense
0.000255259624564	1	Aequorivita soesokkakensis
0.000255259624564	1	Oscillatoriales
0.000255259624564	1	Pedobacter cryoconitis
0.000255259624564	1	Woodsholea maritima
0.000255259624564	1	Asinibacterium
0.000255259624564	1	Dyadobacter fermentans
0.000255259624564	1	Leptospira broomii
0.000255259624564	1	Anabaena sp. WA102
0.000255259624564	1	Ketogulonicigenium vulgare
0.000255259624564	1	Lacinutrix sp.
0.000255259624564	1	Anaerolinea thermolimosa
0.000255259624564	1	Microtetraspora glauca
0.000255259624564	1	Pedobacter nyackensis
0.000255259624564	1	Polynucleobacter wuianus
0.000255259624564	1	Methylacidiphilum fumariolicum
0.000255259624564	1	Polaromonas sp.
0.000255259624564	1	Bacteriovorax sp.
0.000255259624564	1	Alicyclobacillus pomorum
0.000255259624564	1	Amycolatopsis coloradensis
0.000255259624564	1	Candidatus Sulcia
0.000255259624564	1	Nesiotobacter exalbescens
0.000255259624564	1	Angustibacter sp.
0.000255259624564	1	Ferrovum sp.
0.000255259624564	1	Kribbella catacumbae
0.000255259624564	1	Leptonema illini
0.000255259624564	1	Janthinobacterium lividum
0.000255259624564	1	Barnesiella intestinihominis
0.000255259624564	1	Wenyingzhuangia marina
0.000255259624564	1	Turneriella parva
0.000255259624564	1	Terracidiphilus gabretensis
0.000255259624564	1	Galbibacter marinus
0.000255259624564	1	Cyanobium
0.000255259624564	1	Rhodothermus profundi
0.000255259624564	1	Helicobacter winghamensis
0.000255259624564	1	Ornatilinea apprima
0.000255259624564	1	Mycobacterium asiaticum
0.000255259624564	1	Algiphilus aromaticivorans
0.000255259624564	1	Duganella sacchari
0.000255259624564	1	Synechococcus elongatus
0.000255259624564	1	Flavobacterium gilvum
0.000255259624564	1	Colwellia piezophila
0.000255259624564	1	Chryseobacterium antarcticum
0.000255259624564	1	Desulfoplanes formicivorans
0.000255259624564	1	Magnetospirillum gryphiswaldense
0.000255259624564	1	Schlesneria paludicola
0.000255259624564	1	Bradyrhizobium
0.000255259624564	1	Salegentibacter sp.
0.000255259624564	1	Nitrospirillum amazonense
0.000255259624564	1	Cobetia amphilecti
0.000255259624564	1	Paraburkholderia fungorum
0.000255259624564	1	Prochlorococcus sp.
0.000255259624564	1	Leptospira alstonii
0.000255259624564	1	Salegentibacter mishustinae
0.000255259624564	1	Bellilinea caldifistulae
0.000255259624564	1	Chryseobacterium balustinum
0.000255259624564	1	Hymenobacter daecheongensis
0.000255259624564	1	Phyllobacterium sp.
0.000255259624564	1	Sulfitobacter pontiacus
0.000255259624564	1	Streptoalloteichus hindustanus
0.000255259624564	1	Azospirillum lipoferum
0.000255259624564	1	Alistipes indistinctus
0.000255259624564	1	Rheinheimera salexigens
0.000255259624564	1	Gemmata sp.
0.000255259624564	1	Oceanicola sp.
0.000255259624564	1	Candidatus Phaeomarinobacter
0.000255259624564	1	Azospirillum oryzae
0.000255259624564	1	Nitrosomonas communis
0.000255259624564	1	Opitutaceae bacterium
0.000255259624564	1	Nitrococcus mobilis
0.000255259624564	1	Prevotella ihumii
0.000255259624564	1	Thermaerobacter marianensis
0.000255259624564	1	Enterobacter cancerogenus
0.000255259624564	1	Methylocystis sp.
0.000255259624564	1	Hymenobacteraceae
0.000255259624564	1	Archangium sp.
0.000255259624564	1	Acetobacteraceae
0.000255259624564	1	Pontibacillus
0.000255259624564	1	Polaribacter reichenbachii
0.000255259624564	1	Psychromonas aquimarina
0.000255259624564	1	Aeromonas finlandiensis
0.000255259624564	1	Pedobacter steynii
0.000255259624564	1	Aquimarina spongiae
0.000255259624564	1	Aquabacterium sp.
0.000255259624564	1	Croceibacter atlanticus
0.000255259624564	1	Sphingobacteriaceae
0.000255259624564	1	Muricauda lutaonensis
0.000255259624564	1	Mahella australiensis
0.000255259624564	1	Zobellia uliginosa
0.000255259624564	1	Magnetofaba australis
0.000255259624564	1	Sinomonas atrocyanea
0.000255259624564	1	Geminicoccus roseus
0.000255259624564	1	Roseomonas gilardii
0.000255259624564	1	Clostridium cellulosi
0.000255259624564	1	Nitratireductor pacificus
0.000255259624564	1	Rhizobium selenitireducens
0.000255259624564	1	Catenulispora acidiphila
0.000255259624564	1	Mesorhizobium alhagi
0.000255259624564	1	Sediminispirochaeta smaragdinae
0.000255259624564	1	Achromobacter arsenitoxydans
0.000255259624564	1	Rikenellaceae
0.000255259624564	1	Flavobacterium granuli
0.000255259624564	1	Lactobacillus zymae
0.000255259624564	1	Shinella sp.
0.000255259624564	1	Gordonia sp.
0.000255259624564	1	Bacteroides helcogenes
0.000255259624564	1	Micromonospora avicenniae
0.000255259624564	1	Limnohabitans planktonicus
0.000255259624564	1	Gillisia sp.
0.000255259624564	1	Geobacter pickeringii
0.000255259624564	1	Kosmotoga
0.000255259624564	1	Rubritepida flocculans
0.000255259624564	1	Pseudomonas flexibilis
0.000255259624564	1	Paenibacillus swuensis
0.000255259624564	1	Cellvibrionaceae bacterium
0.000255259624564	1	Desulfotomaculum thermosubterraneum
0.000255259624564	1	Aequorivita viscosa
0.000255259624564	1	Candidatus Symbiobacter
0.000255259624564	1	Herbaspirillum sp.
0.000255259624564	1	Caballeronia
0.000255259624564	1	Euryhalocaulis caribicus
0.000255259624564	1	Leptospira
0.000255259624564	1	Lysobacter sp.
0.000255259624564	1	Maritalea myrionectae
0.000255259624564	1	Beijerinckia indica
0.000255259624564	1	Elstera litoralis
0.000255259624564	1	Leeia oryzae
0.000255259624564	1	Treponema pedis
0.000255259624564	1	Herpetosiphon geysericola
0.000255259624564	1	Deinococcus maricopensis
0.000255259624564	1	Flavobacterium spartansii
0.000255259624564	1	Paludibacter propionicigenes
0.000255259624564	1	Candidatus Contendobacter
