55.9335386678	266954	Inediibacterium massiliense
12.4793094056	59560	Dolichospermum circinale
7.74278710164	36954	Blautia massiliensis
2.69742493767	12874	Streptococcus pneumoniae
2.53797640748	12113	Virgibacillus senegalensis
1.81427703396	8659	Acinetobacter baumannii
1.40989377082	6729	sp. 90
1.2707691663	6065	bacterium SIT11
0.963605506317	4599	Fusobacterium nucleatum
0.873928803403	4171	Cylindrospermopsis raciborskii
0.84983342762	4056	Aphanizomenon flos-aquae
0.836633352191	3993	sp. WA102
0.758061474637	3618	sp. PCC
0.749889999371	3579	Staphylococcus agnetis
0.656441846334	3133	Nostocales
0.574098518658	2740	Nostoc calcicola
0.555450793052	2651	Nodularia spumigena
0.472269365349	2254	sp. NMC-1
0.4492216146	2144	Bacteria
0.424288138789	2025	Vibrio parahaemolyticus
0.393487962788	1878	Bacillus aminovorans
0.381335512393	1820	Microcystis aeruginosa
0.284115909234	1356	Nostoc piscinale
0.260439583464	1243	Coleofasciculus chthonoplastes
0.201353531544	961	Nostoc punctiforme
0.182915330945	873	Anabaena cylindrica
0.169715255516	810	Trichormus azollae
0.159448530182	761	Richelia intracellularis
0.134515054372	642	Fortiea contorta
0.130115029229	621	sp. KVJ20
0.117334003813	560	Enterococcus faecium
0.115238753745	550	sp. NIES-3756
0.108953003541	520	sp. WH
0.103714878371	495	Chryseolinea serpens
0.10308630335	492	Corynebacterium provencense
0.0963815031324	460	Ohtaekwangia koreensis
0.0877909778532	419	Legionella pneumophila
0.082552852683	394	Salmonella enterica
0.0745909024242	356	Chlamydia psittaci
0.0729147023697	348	sp. HK-05
0.0708194523016	338	Anabaena
0.0628575020429	300	Aliterella atlantica
0.0622289270224	297	sp. hensonii
0.0601336769543	287	Elizabethkingia anophelis
0.0555241268045	265	Microcoleus vaginatus
0.0548955517841	262	Enterococcus faecalis
0.0548955517841	262	Prochlorococcus marinus
0.0546860267773	261	Cylindrospermum stagnale
0.0534288767364	255	Regiella insecticola
0.0521717266956	249	sp. T09
0.0521717266956	249	Staphylococcus saprophyticus
0.0502860016343	240	Aphanizomenonaceae
0.0477717015526	228	sp. s12
0.0446288264504	213	Hapalosiphonaceae
0.0362478261781	173	Fischerella
0.0328954260691	157	sp. CA
0.0314287510214	150	sp. NIES-3585
0.0312192260146	149	Crinalium epipsammum
0.029752550967	142	sp. NIES-3754
0.0284954009261	136	Kryptonium thompsoni
0.0282858759193	135	Nostoc
0.0243049007899	116	Cyanobacteria
0.0240953757831	115	Chlorogloeopsis fritschii
0.0238858507763	114	sp. D2
0.0222096507218	106	sp. TS
0.0199048756469	95	Crocosphaera watsonii
0.0182286755924	87	Scytonema hofmannii
0.0178096255788	85	sp. MRB220
0.017600100572	84	Klebsiella pneumoniae
0.0171810505584	82	sp. CR12
0.0171810505584	82	Colwellia sediminilitoris
0.0169715255516	81	sp. 3363
0.0167620005448	80	cyanobacterium HT-58-2
0.0163429505311	78	Moorea producens
0.0161334255243	77	Calothrix parietina
0.0161334255243	77	Synechococcus
0.0157143755107	75	Staphylococcus aureus
0.0152953254971	73	Bacillus cereus
0.0150858004903	72	Fulvivirga imtechensis
0.0142477004631	68	Trichodesmium erythraeum
0.0140381754562	67	Fischerella muscicola
0.0140381754562	67	Planktothrix
0.0140381754562	67	Cylindrospermopsis
0.0136191254426	65	Scytonema hofmanni UTEX B 1581
0.0134096004358	64	Calothrix rhizosoleniae
0.0134096004358	64	Nostocaceae
0.0134096004358	64	Lyngbya confervoides
0.013200075429	63	Synechococcales
0.0129905504222	62	Tolypothrix campylonemoides
0.0123619754018	59	Phormidium ambiguum
0.012152450395	58	sp. NIES-4075
0.012152450395	58	Phormidesmis priestleyi
0.0117334003813	56	sp. CB0101
0.0115238753745	55	sp. Roaring
0.0113143503677	54	Geminocystis herdmanii
0.0111048253609	53	Mastigocladopsis repens
0.0106857753473	51	Gloeobacter violaceus
0.0104762503405	50	sp. O-77
0.0100572003269	48	unclassified Opitutaceae
0.00984767532005	47	Bacillus thuringiensis
0.00984767532005	47	Chroococcidiopsis thermalis
0.00984767532005	47	Cyanothece
0.00963815031324	46	Scytonema millei
0.00942862530643	45	Mastigocoleus testarum
0.00921910029962	44	Stanieria cyanosphaera
0.00921910029962	44	Raphidiopsis brookii
0.00900957529281	43	Scytonema tolypothrichoides
0.00900957529281	43	sp. HK-06
0.008800050286	42	PCC 7702
0.00859052527919	41	Hydrococcus rivularis
0.00838100027238	40	sp. MM
0.00838100027238	40	sp. IPPAS
0.00796195025876	38	Pseudanabaena biceps
0.00754290024514	36	Kamptonema
0.00733337523833	35	Planktothrix agardhii
0.00733337523833	35	sp. CB0205
0.00712385023153	34	Leptolyngbya valderiana
0.00691432522472	33	Pseudomonas syringae
0.00670480021791	32	Arthrospira
0.0064952752111	31	Phormidium tenue
0.0064952752111	31	cyanobacterium JSC-12
0.00628575020429	30	Anabaena sp. 90
0.00628575020429	30	Flavobacterium aquatile
0.00628575020429	30	sp. JSC-1
0.00628575020429	30	Fluviicola taffensis
0.00628575020429	30	cyanobacterium SU2
0.00607622519748	29	bacterium 311
0.00586670019067	28	Moorea bouillonii
0.00586670019067	28	Tolypothrix bouteillei
0.00565717518386	27	Lactobacillus rossiae
0.00544765017705	26	Chroococcaceae
0.00544765017705	26	Sediminibacterium ginsengisoli
0.00523812517024	25	Herbaspirillum rubrisubalbicans
0.00502860016343	24	Rheinheimera texasensis
0.00502860016343	24	sp. NIES-3709
0.00502860016343	24	Leptolyngbya boryana
0.00502860016343	24	Spirulina major
0.00481907515662	23	Escherichia coli
0.00481907515662	23	Methylopumilus planktonicus
0.00481907515662	23	Arthrospira platensis
0.00460955014981	22	bacterium 2W06
0.00460955014981	22	Flavobacterium fontis
0.00419050013619	20	Nafulsella turpanensis
0.00398097512938	19	Leptolyngbya ohadii
0.00398097512938	19	sp. 106C
0.00398097512938	19	Calothrix
0.00398097512938	19	sp. NIES-981
0.00377145012257	18	sp. RF31Y
0.00377145012257	18	Lactobacillus harbinensis
0.00356192511576	17	Aeromonas dhakensis
0.00356192511576	17	Flavobacterium cucumis
0.00356192511576	17	Arsenicibacter rosenii
0.00356192511576	17	sp. BMB
0.00335240010895	16	Oscillatoria acuminata
0.00335240010895	16	Flectobacillus major
0.00335240010895	16	sp. SR001
0.00335240010895	16	bacterium 3363
0.00335240010895	16	Planktothrix rubescens
0.00335240010895	16	Fimbriimonas ginsengisoli
0.00314287510214	15	Flavobacterium
0.00314287510214	15	Phormidium willei
0.00314287510214	15	Gloeomargarita lithophora
0.00314287510214	15	sp. C3
0.00314287510214	15	Marivirga tractuosa
0.00314287510214	15	Cyanobium gracile
0.00314287510214	15	Planktothrix tepida
0.00293335009533	14	Roseivirga ehrenbergii
0.00293335009533	14	Flexithrix dorotheae
0.00293335009533	14	Microscilla marina
0.00293335009533	14	sp. NIES-2104
0.00293335009533	14	Chamaesiphon minutus
0.00293335009533	14	Halomicronema hongdechloris
0.00293335009533	14	Pontibacillus halophilus
0.00293335009533	14	Reichenbachiella faecimaris
0.00293335009533	14	sp. 4-3
0.00272382508852	13	Cytophaga hutchinsonii
0.00272382508852	13	Haliscomenobacter hydrossis
0.00272382508852	13	Prochlorococcus
0.00272382508852	13	Mariniradius saccharolyticus
0.00272382508852	13	sp. T1-4
0.00272382508852	13	cyanobacterium SU3
0.00272382508852	13	sp. M8-2
0.00272382508852	13	Mastigocladus laminosus
0.00272382508852	13	Microcystis
0.00272382508852	13	sp. MIT
0.00272382508852	13	Prosthecobacter debontii
0.00272382508852	13	Pantoea vagans
0.00272382508852	13	Oscillatoria nigro-viridis
0.00251430008171	12	Planktothrix serta
0.00251430008171	12	Pseudanabaena
0.00251430008171	12	Enterococcus
0.00251430008171	12	Cecembia lonarensis
0.00251430008171	12	Reichenbachiella agariperforans
0.00251430008171	12	Leptolyngbyaceae
0.00251430008171	12	Flavobacterium branchiophilum
0.00230477507491	11	sp. CCY0110
0.00230477507491	11	Chroogloeocystis siderophila
0.00230477507491	11	sp. YIK13
0.00230477507491	11	Spirosoma montaniterrae
0.00230477507491	11	Aquiflexum balticum
0.00230477507491	11	Pelagibacter sp.
0.00230477507491	11	Collimonas pratensis
0.00230477507491	11	Betaproteobacteria miscellaneous
0.00230477507491	11	Terrimonas ferruginea
0.00230477507491	11	sp. NIES-3755
0.00230477507491	11	sp. KCTC
0.00230477507491	11	Prochlorothrix hollandica
0.0020952500681	10	Aeromonas piscicola
0.0020952500681	10	Algoriphagus faecimaris
0.0020952500681	10	Runella limosa
0.0020952500681	10	Algoriphagus terrigena
0.0020952500681	10	cyanobacterium ESFC-1
0.0020952500681	10	Runella slithyformis
0.0020952500681	10	sp. 4D4
0.0020952500681	10	Anaplasma phagocytophilum
0.0020952500681	10	bacterium IBVUCB1
0.0020952500681	10	Saprospira grandis
0.0020952500681	10	Sediminibacterium salmoneum
0.0020952500681	10	Runella zeae
0.0020952500681	10	Pseudomonas aeruginosa
0.00188572506129	9	Rubidibacter lacunae
0.00188572506129	9	Limnothrix rosea
0.00188572506129	9	sp. SynAce01
0.00188572506129	9	Flavobacterium suncheonense
0.00188572506129	9	Flavobacterium filum
0.00188572506129	9	Oscillatoriales
0.00188572506129	9	Terrimicrobium sacchariphilum
0.00188572506129	9	Flavobacterium gelidilacus
0.00188572506129	9	Hydrotalea flava
0.00188572506129	9	Synechococcus spongiarum
0.00188572506129	9	Hymenobacter sedentarius
0.00188572506129	9	sp. LCS9
0.00188572506129	9	Rudanella lutea
0.00188572506129	9	cyanobacterium MTP1
0.00188572506129	9	Dactylococcopsis salina
0.00188572506129	9	Flavobacterium terrae
0.00188572506129	9	sp. JA-2-3Ba2-13
0.00188572506129	9	sp. A40
0.00188572506129	9	Staphylococcus epidermidis
0.00167620005448	8	sp. 0182
0.00167620005448	8	sp. OR53
0.00167620005448	8	sp. BS20
0.00167620005448	8	Spirosoma spitsbergense
0.00167620005448	8	Limnoraphis robusta
0.00167620005448	8	sp. CCB-QB1
0.00167620005448	8	Aquabacterium parvum
0.00167620005448	8	Niastella vici
0.00167620005448	8	Chthoniobacter flavus
0.00167620005448	8	Pleurocapsa minor
0.00167620005448	8	sp. ZG627
0.00167620005448	8	Ramlibacter tataouinensis
0.00167620005448	8	Marivirga sericea
0.00167620005448	8	Belliella pelovolcani
0.00167620005448	8	Nodosilinea nodulosa
0.00167620005448	8	sp. GI1
0.00167620005448	8	Pedobacter oryzae
0.00167620005448	8	Synechocystis sp. PCC 7509
0.00167620005448	8	Roseivirga spongicola
0.00146667504767	7	Mycobacterium elephantis
0.00146667504767	7	Thermosynechococcus elongatus
0.00146667504767	7	sp. IHB
0.00146667504767	7	Eisenibacter elegans
0.00146667504767	7	Moritella viscosa
0.00146667504767	7	Flavihumibacter solisilvae
0.00146667504767	7	Rufibacter roseus
0.00146667504767	7	Algoriphagus antarcticus
0.00146667504767	7	Variovorax paradoxus
0.00146667504767	7	Neosynechococcus sphagnicola
0.00146667504767	7	Cytophagales
0.00146667504767	7	sp. RCC307
0.00146667504767	7	Ideonella sakaiensis
0.00146667504767	7	Spirulina subsalsa
0.00146667504767	7	Pedosphaera parvula
0.00146667504767	7	Ketogulonicigenium vulgare
0.00146667504767	7	Fibrisoma limi
0.00146667504767	7	bacterium IMCC26134
0.00146667504767	7	sp. CCMEE
0.00146667504767	7	Roseivirga seohaensis
0.00146667504767	7	sp. SA_1
0.00146667504767	7	sp. Leaf257
0.00146667504767	7	Filimonas lacunae
0.00146667504767	7	Cesiribacter andamanensis
0.00146667504767	7	Sporocytophaga myxococcoides
0.00125715004086	6	Fibrella aestuarina
0.00125715004086	6	sp. Heron
0.00125715004086	6	Alloprevotella tannerae
0.00125715004086	6	sp. NIES-3708
0.00125715004086	6	Polynucleobacter sinensis
0.00125715004086	6	proteobacterium AAP51
0.00125715004086	6	Curvibacter gracilis
0.00125715004086	6	Emticicia oligotrophica
0.00125715004086	6	Roseivirga
0.00125715004086	6	Algoriphagus machipongonensis
0.00125715004086	6	Aeromonas
0.00125715004086	6	Leadbetterella byssophila
0.00125715004086	6	sp. DG15C
0.00125715004086	6	Belliella baltica
0.00125715004086	6	bacterium BAL38
0.00125715004086	6	bacterium A
0.00125715004086	6	sp. 103DPR2
0.00125715004086	6	bacterium IBVUCB2
0.00125715004086	6	sp. TAB
0.00125715004086	6	Flavobacterium antarcticum
0.00125715004086	6	Chitinophaga eiseniae
0.00125715004086	6	endosymbiont of
0.00125715004086	6	Spirosoma panaciterrae
0.00125715004086	6	Phaeodactylibacter xiamenensis
0.00125715004086	6	sp. PAMC
0.00125715004086	6	Flavobacterium fryxellicola
0.00125715004086	6	Nostoc sp. PCC 7524
0.00125715004086	6	Roseivirga echinicomitans
0.00125715004086	6	bacterium URHD0088
0.00125715004086	6	proteobacterium HIMB114
0.00125715004086	6	Gemmobacter megaterium
0.00125715004086	6	sp. 28
0.00125715004086	6	sp. PPCGB
0.00125715004086	6	Aeromonas hydrophila
0.00104762503405	5	Pontibacter actiniarum
0.00104762503405	5	Mucilaginibacter lappiensis
0.00104762503405	5	Jejuia pallidilutea
0.00104762503405	5	Parapedobacter luteus
0.00104762503405	5	Rhodopseudomonas palustris
0.00104762503405	5	Weissella viridescens
0.00104762503405	5	sp. HE10JO
0.00104762503405	5	Segetibacter koreensis
0.00104762503405	5	Acaryochloris marina
0.00104762503405	5	Kordia algicida
0.00104762503405	5	Azohydromonas lata
0.00104762503405	5	Planktothrix paucivesiculata
0.00104762503405	5	Flavobacterium subsaxonicum
0.00104762503405	5	Echinicola pacifica
0.00104762503405	5	bacterium TH1-2
0.00104762503405	5	sp. HI00D65
0.00104762503405	5	Gloeobacter kilaueensis
0.00104762503405	5	Planktothrix mougeotii
0.00104762503405	5	Geobacter anodireducens
0.00104762503405	5	sp. CIB
0.00104762503405	5	sp. JSC-11
0.00104762503405	5	sp. BL107
0.00104762503405	5	Flavobacterium succinicans
0.00104762503405	5	Achromobacter xylosoxidans
0.00104762503405	5	Rhodospirillum rubrum
0.00104762503405	5	Belnapia moabensis
0.00104762503405	5	sp. SCS5
0.00104762503405	5	Azospirillum lipoferum
0.00104762503405	5	Rhodonellum psychrophilum
0.00104762503405	5	Hymenobacter norwichensis
0.00104762503405	5	Rhodobacter sphaeroides
0.00104762503405	5	Caldimonas
0.00104762503405	5	sp. JA-3-3Ab
0.00104762503405	5	sp. HZN7
0.00104762503405	5	sp. JZB09
0.00104762503405	5	Fuerstia marisgermanicae
0.00104762503405	5	Bernardetia litoralis
0.00104762503405	5	sp. A37
0.000838100027238	4	Rubinisphaera brasiliensis
0.000838100027238	4	sp. NKBG15041c
0.000838100027238	4	sp. MWH-Weng1-1
0.000838100027238	4	bacterium PMP191F
0.000838100027238	4	Desulfitobacterium dichloroeliminans
0.000838100027238	4	Collimonas arenae
0.000838100027238	4	Pseudorhodobacter psychrotolerans
0.000838100027238	4	Niastella koreensis
0.000838100027238	4	sp. KK5
0.000838100027238	4	Sulfurospirillum cavolei
0.000838100027238	4	Mucilaginibacter polytrichastri
0.000838100027238	4	Flavobacterium psychrophilum
0.000838100027238	4	sp. 83
0.000838100027238	4	sp. CF136
0.000838100027238	4	Flavobacterium frigoris
0.000838100027238	4	Lyngbya aestuarii
0.000838100027238	4	sp. OV335
0.000838100027238	4	Rubritepida flocculans
0.000838100027238	4	sp. PK15
0.000838100027238	4	Pedobacter panaciterrae
0.000838100027238	4	Phycisphaera mikurensis
0.000838100027238	4	Chitinophaga niabensis
0.000838100027238	4	sp. GFB01
0.000838100027238	4	Solitalea canadensis
0.000838100027238	4	sp. SJP92
0.000838100027238	4	sp. FPG59
0.000838100027238	4	Acidovorax
0.000838100027238	4	Spirosoma aerolatum
0.000838100027238	4	sp. MWH-VicM1
0.000838100027238	4	Mitsuaria chitosanitabida
0.000838100027238	4	Neptunomonas antarctica
0.000838100027238	4	sp. Root1221
0.000838100027238	4	sp. NRRL
0.000838100027238	4	Hugenholtzia roseola
0.000838100027238	4	sp. SW2
0.000838100027238	4	Flavobacterium enshiense
0.000838100027238	4	sp. 22015
0.000838100027238	4	Massilia timonae
0.000838100027238	4	Pontibacter roseus
0.000838100027238	4	sp. 63ED37-2
0.000838100027238	4	Streptomyces thermoautotrophicus
0.000838100027238	4	Flavobacterium rivuli
0.000838100027238	4	sp. 316
0.000838100027238	4	Oscillatoria sp. PCC 6506
0.000838100027238	4	Hymenobacter psychrotolerans
0.000838100027238	4	Algoriphagus mannitolivorans
0.000838100027238	4	sp. AAP43
0.000838100027238	4	bacterium TSM_CSM
0.000838100027238	4	Pontibacillus marinus
0.000838100027238	4	Aeromonas schubertii
0.000838100027238	4	Schlesneria paludicola
0.000838100027238	4	Flavobacterium saliperosum
0.000838100027238	4	Flavobacterium columnare
0.000838100027238	4	Elstera litoralis
0.000838100027238	4	Flavobacterium seoulense
0.000838100027238	4	sp. RS9916
0.000838100027238	4	Algoriphagus marinus
0.000838100027238	4	Salinisphaera shabanensis
0.000838100027238	4	Rufibacter tibetensis
0.000838100027238	4	Ilumatobacter nonamiensis
0.000838100027238	4	Cytophaga aurantiaca
0.000838100027238	4	sp. JN14-9
0.000838100027238	4	Schleiferia thermophila
0.000838100027238	4	Maribacter thermophilus
0.000838100027238	4	Pelagibacter ubique
0.000838100027238	4	Halobacteriovorax marinus
0.000838100027238	4	Adhaeribacter aquaticus
0.000838100027238	4	Limnohabitans planktonicus
0.000838100027238	4	Oscillatoriophycideae
0.000628575020429	3	Algoriphagus marincola
0.000628575020429	3	Oscillochloris trichoides
0.000628575020429	3	Flavobacterium micromati
0.000628575020429	3	Gemmatimonas aurantiaca
0.000628575020429	3	Pelomonas puraquae
0.000628575020429	3	Flavisolibacter ginsengisoli
0.000628575020429	3	Chitinophaga jiangningensis
0.000628575020429	3	Owenweeksia hongkongensis
0.000628575020429	3	Acidithrix ferrooxidans
0.000628575020429	3	Chitinophaga pinensis
0.000628575020429	3	Dyadobacter psychrophilus
0.000628575020429	3	bacterium B29T1
0.000628575020429	3	Polynucleobacter duraquae
0.000628575020429	3	Thiomonas
0.000628575020429	3	Mediterranea massiliensis
0.000628575020429	3	sp. Is79A3
0.000628575020429	3	Myroides
0.000628575020429	3	sp. JC280
0.000628575020429	3	bacterium KBS
0.000628575020429	3	Chloracidobacterium thermophilum
0.000628575020429	3	Luteipulveratus halotolerans
0.000628575020429	3	Rhizobacter
0.000628575020429	3	sp. Cb
0.000628575020429	3	Elioraea tepidiphila
0.000628575020429	3	Rufibacter ruber
0.000628575020429	3	Aquincola tertiaricarbonis
0.000628575020429	3	Flavobacterium haoranii
0.000628575020429	3	sp. SOS3
0.000628575020429	3	sp. B508-1
0.000628575020429	3	Niabella ginsenosidivorans
0.000628575020429	3	Chitinophaga sancti
0.000628575020429	3	Levilinea saccharolytica
0.000628575020429	3	Paracaedibacter symbiosus
0.000628575020429	3	Pontibacter akesuensis
0.000628575020429	3	Paenibacillus
0.000628575020429	3	Crocinitomix catalasitica
0.000628575020429	3	bacterium 6E
0.000628575020429	3	Stigmatella aurantiaca
0.000628575020429	3	Flavobacterium sasangense
0.000628575020429	3	Thermophagus xiamenensis
0.000628575020429	3	Rhodomicrobium vannielii
0.000628575020429	3	Dysgonomonas gadei
0.000628575020429	3	Bacillus
0.000628575020429	3	Bacilli
0.000628575020429	3	Rickettsia bellii
0.000628575020429	3	Desulfonatronovibrio magnus
0.000628575020429	3	Azospirillum halopraeferens
0.000628575020429	3	Acidovorax delafieldii
0.000628575020429	3	sp. A45
0.000628575020429	3	Herbidospora cretacea
0.000628575020429	3	sp. 209
0.000628575020429	3	Algoriphagus vanfongensis
0.000628575020429	3	Gracilimonas tropica
0.000628575020429	3	Cyanobacterium aponinum
0.000628575020429	3	sp. OK098
0.000628575020429	3	Lacunisphaera limnophila
0.000628575020429	3	Proteiniphilum saccharofermentans
0.000628575020429	3	bacterium B6
0.000628575020429	3	Helicobacter pylori
0.000628575020429	3	Steroidobacter denitrificans
0.000628575020429	3	Niabella aurantiaca
0.000628575020429	3	Derxia lacustris
0.000628575020429	3	Rubrivivax gelatinosus
0.000628575020429	3	Hydrogenovibrio marinus
0.000628575020429	3	Vitellibacter aquimaris
0.000628575020429	3	Zavarzinella formosa
0.000628575020429	3	sp. IS2118
0.000628575020429	3	Sorangium cellulosum
0.000628575020429	3	bacterium TSM_CSS
0.000628575020429	3	Rheinheimera
0.000628575020429	3	Emticicia
0.000628575020429	3	Chitinophaga ginsengisegetis
0.000628575020429	3	Thalassospira mesophila
0.000628575020429	3	Inquilinus limosus
0.000628575020429	3	sp. NK55a
0.000628575020429	3	bacterium Paddy-1
0.000628575020429	3	sp. ZOR0009
0.000628575020429	3	sp. HMSC034E08
0.000628575020429	3	sp. Leaf359
0.000628575020429	3	Fabibacter misakiensis
0.000628575020429	3	Pelomonas
0.000628575020429	3	sp. CC9311
0.000628575020429	3	Opitutus terrae
0.000628575020429	3	Hymenobacter swuensis
0.000628575020429	3	sp. RS9917
0.000628575020429	3	Dyadobacter crusticola
0.000628575020429	3	Chlorobium phaeobacteroides
0.000628575020429	3	Mucilaginibacter pedocola
0.000628575020429	3	Thermonema rossianum
0.000628575020429	3	Chryseobacterium luteum
0.000628575020429	3	sp. IMCC21906
0.000628575020429	3	Polaromonas jejuensis
0.000628575020429	3	sp. HZ1
0.000628575020429	3	Tistrella mobilis
0.000628575020429	3	Flavobacterium johnsoniae
0.000628575020429	3	Solirubrum puertoriconensis
0.000628575020429	3	Spirosoma luteum
0.000628575020429	3	sp. BvORR071
0.000628575020429	3	Cyclobacterium lianum
0.000628575020429	3	Sediminibacterium
0.000628575020429	3	Algoriphagus halophilus
0.000628575020429	3	sp. CCM
0.000628575020429	3	Geofilum rubicundum
0.000628575020429	3	Imtechella halotolerans
0.000628575020429	3	Beggiatoa leptomitiformis
0.000628575020429	3	Pedobacter cryoconitis
0.000628575020429	3	Azotobacter chroococcum
0.000628575020429	3	Flavobacterium granuli
0.000628575020429	3	Nitritalea halalkaliphila
0.000419050013619	2	Nitrococcus mobilis
0.000419050013619	2	sp. F7
0.000419050013619	2	sp. P5
0.000419050013619	2	Megasphaera
0.000419050013619	2	Bdellovibrio exovorus
0.000419050013619	2	bacterium ETNP-OMZ-SAG-E5
0.000419050013619	2	sp. Leaf272
0.000419050013619	2	Aquimarina pacifica
0.000419050013619	2	Pseudomonas monteilii
0.000419050013619	2	sp. DB6_IX
0.000419050013619	2	Acetomicrobium mobile
0.000419050013619	2	Pontibacter
0.000419050013619	2	Proteiniphilum acetatigenes
0.000419050013619	2	Roseateles terrae
0.000419050013619	2	Lachnoanaerobaculum saburreum
0.000419050013619	2	Bartonella
0.000419050013619	2	Legionella geestiana
0.000419050013619	2	sp. KIOST-1
0.000419050013619	2	sp. CCH9-E1
0.000419050013619	2	bacterium DG1235
0.000419050013619	2	bacterium ETNP-OMZ-SAG-D9
0.000419050013619	2	Draconibacterium sediminis
0.000419050013619	2	Acetobacterium woodii
0.000419050013619	2	Bacillales
0.000419050013619	2	Anditalea andensis
0.000419050013619	2	Caldicoprobacter oshimai
0.000419050013619	2	Glomeribacter gigasporarum
0.000419050013619	2	Moorea
0.000419050013619	2	Microbacterium laevaniformans
0.000419050013619	2	Cloacibacterium normanense
0.000419050013619	2	Methylomonas
0.000419050013619	2	Comamonas granuli
0.000419050013619	2	sp. YR605
0.000419050013619	2	Cupriavidus pauculus
0.000419050013619	2	sp. IBVHS2
0.000419050013619	2	Derxia gummosa
0.000419050013619	2	Trichormus sp. NMC-1
0.000419050013619	2	sp. CS1GBMeth3
0.000419050013619	2	Pseudorhodobacter ferrugineus
0.000419050013619	2	bacterium LSUCC0135
0.000419050013619	2	Lysinibacillus sphaericus
0.000419050013619	2	Flavobacterium indicum
0.000419050013619	2	Pseudomonas pseudoalcaligenes
0.000419050013619	2	Rhodobacter johrii
0.000419050013619	2	Magnetospirillum moscoviense
0.000419050013619	2	sp. CF468
0.000419050013619	2	sp. 22II1-1F12B
0.000419050013619	2	sp. B392017
0.000419050013619	2	Polaromonas
0.000419050013619	2	sp. URHD0057
0.000419050013619	2	Acidisphaera rubrifaciens
0.000419050013619	2	Paenibacillus pasadenensis
0.000419050013619	2	sp. G11
0.000419050013619	2	Paraburkholderia phenazinium
0.000419050013619	2	sp. A-2
0.000419050013619	2	Clostridium stercorarium
0.000419050013619	2	Francisella philomiragia
0.000419050013619	2	sp. CC9616
0.000419050013619	2	Blastopirellula marina
0.000419050013619	2	Salegentibacter echinorum
0.000419050013619	2	Lutibacter profundi
0.000419050013619	2	Rhizobium leguminosarum
0.000419050013619	2	sp. CF059
0.000419050013619	2	Methyloceanibacter methanicus
0.000419050013619	2	Rhodococcus
0.000419050013619	2	Paraburkholderia kururiensis
0.000419050013619	2	sp. FL-7-2-10-S1-D7
0.000419050013619	2	Dyadobacter fermentans
0.000419050013619	2	Aequorivita viscosa
0.000419050013619	2	sp. O458
0.000419050013619	2	Thermodesulfobium narugense
0.000419050013619	2	Emergencia timonensis
0.000419050013619	2	Mesorhizobium ciceri
0.000419050013619	2	sp. CCH10-C7
0.000419050013619	2	Chondromyces apiculatus
0.000419050013619	2	Balneola vulgaris
0.000419050013619	2	Desulfurispirillum indicum
0.000419050013619	2	sp. Ag1
0.000419050013619	2	Pelagibacterium halotolerans
0.000419050013619	2	Cystobacter ferrugineus
0.000419050013619	2	sp. WSM4176
0.000419050013619	2	Lampropedia hyalina
0.000419050013619	2	Leptolinea tardivitalis
0.000419050013619	2	Geobacter uraniireducens
0.000419050013619	2	Siansivirga zeaxanthinifaciens
0.000419050013619	2	Microtetraspora niveoalba
0.000419050013619	2	Chelatococcus daeguensis
0.000419050013619	2	Ornithobacterium rhinotracheale
0.000419050013619	2	proteobacterium BAL199
0.000419050013619	2	Flavobacterium cauense
0.000419050013619	2	Salinivirga cyanobacteriivorans
0.000419050013619	2	sp. DH-1
0.000419050013619	2	Sunxiuqinia dokdonensis
0.000419050013619	2	Roseateles depolymerans
0.000419050013619	2	sp. MIMtkB3
0.000419050013619	2	sp. ACAM
0.000419050013619	2	Sphingobacterium psychroaquaticum
0.000419050013619	2	sp. MY04
0.000419050013619	2	sp. Leaf220
0.000419050013619	2	bacterium RA
0.000419050013619	2	sp. RAC01
0.000419050013619	2	Campylobacter coli
0.000419050013619	2	Brocadia sp.
0.000419050013619	2	Paraprevotella xylaniphila
0.000419050013619	2	bacterium TSB47
0.000419050013619	2	Niabella soli
0.000419050013619	2	Dyadobacter beijingensis
0.000419050013619	2	Paracoccus aminophilus
0.000419050013619	2	Pontibacter indicus
0.000419050013619	2	Porphyromonas somerae
0.000419050013619	2	Rhodoluna planktonica
0.000419050013619	2	Nesiotobacter exalbescens
0.000419050013619	2	Lewinella cohaerens
0.000419050013619	2	Pedobacter steynii
0.000419050013619	2	sp. KL1
0.000419050013619	2	Chitinophagaceae
0.000419050013619	2	Flavobacterium saccharophilum
0.000419050013619	2	Muricauda antarctica
0.000419050013619	2	Wenyingzhuangia fucanilytica
0.000419050013619	2	Rhodobacteraceae
0.000419050013619	2	sp. L-07
0.000419050013619	2	Mesorhizobium alhagi
0.000419050013619	2	Mariniphaga anaerophila
0.000419050013619	2	Cyclobacterium marinum
0.000419050013619	2	syringae pv.
0.000419050013619	2	Porphyromonadaceae
0.000419050013619	2	Puniceispirillum marinum
0.000419050013619	2	Cetobacterium
0.000419050013619	2	Ardenticatena maritima
0.000419050013619	2	Luteimonas tolerans
0.000419050013619	2	sp. KH32C
0.000419050013619	2	Paraburkholderia terrae
0.000419050013619	2	Polaribacter atrinae
0.000419050013619	2	Melioribacter roseus
0.000419050013619	2	Porphyromonas bennonis
0.000419050013619	2	Bariatricus massiliensis
0.000419050013619	2	Methylomonas methanica
0.000419050013619	2	Flavobacterium daejeonense
0.000419050013619	2	Actinomadura kijaniata
0.000419050013619	2	Hymenobacter aerophilus
0.000419050013619	2	sp. ES10-3-2-2
0.000419050013619	2	unclassified Rickettsia
0.000419050013619	2	sp. JPY347
0.000419050013619	2	Saccharospirillum impatiens
0.000419050013619	2	Niastella populi
0.000419050013619	2	Polynucleobacter asymbioticus
0.000419050013619	2	Komagataeibacter rhaeticus
0.000419050013619	2	Methylovulum psychrotolerans
0.000419050013619	2	sp. XM-1
0.000419050013619	2	Flavobacterium denitrificans
0.000419050013619	2	Sandaracinus amylolyticus
0.000419050013619	2	Mucilaginibacter paludis
0.000419050013619	2	Ilumatobacter coccineus
0.000419050013619	2	Tenacibaculum soleae
0.000419050013619	2	Bacteroidales
0.000419050013619	2	sp. JL475
0.000419050013619	2	Bacteroides propionicifaciens
0.000419050013619	2	sp. CFCC
0.000419050013619	2	Xanthomonas translucens
0.000419050013619	2	Pleurocapsales
0.000419050013619	2	Pseudorhodobacter antarcticus
0.000419050013619	2	Rheinheimera mesophila
0.000419050013619	2	bacterium VE202-24
0.000419050013619	2	sp. BR
0.000419050013619	2	Flavobacterium tegetincola
0.000419050013619	2	Plesiocystis pacifica
0.000419050013619	2	Nostoc sp. T09
0.000419050013619	2	Salegentibacter mishustinae
0.000419050013619	2	sp. ST2L15
0.000419050013619	2	sp. JM1
0.000419050013619	2	Paraburkholderia sacchari
0.000419050013619	2	Polynucleobacter wuianus
0.000419050013619	2	Rhodovulum sulfidophilum
0.000419050013619	2	Parvibaculum lavamentivorans
0.000419050013619	2	Zobellia uliginosa
0.000419050013619	2	Rhodoferax fermentans
0.000419050013619	2	Gemmatimonas phototrophica
0.000419050013619	2	Maribacter
0.000419050013619	2	sp. PACM
0.000419050013619	2	sp. HMSC059D05
0.000419050013619	2	Acidovorax temperans
0.000419050013619	2	Rhodobacter capsulatus
0.000419050013619	2	sp. MWH-EgelM1-30-B4
0.000419050013619	2	Tistlia consotensis
0.000419050013619	2	sp. MAR_2009_132
0.000419050013619	2	Olivibacter sitiensis
0.000419050013619	2	Synechococcus elongatus
0.000419050013619	2	Nucleicultrix amoebiphila
0.000419050013619	2	proteobacterium NaphS2
0.000419050013619	2	Lewinella persica
0.000419050013619	2	sp. LM5
0.000419050013619	2	Myxococcus stipitatus
0.000419050013619	2	gamma proteobacterium
0.000419050013619	2	Algoriphagus resistens
0.000419050013619	2	Burkholderiaceae
0.000419050013619	2	Rhodobaca barguzinensis
0.000419050013619	2	Flexibacter sp. ATCC 35208
0.000419050013619	2	proteobacterium HIMB5
0.000419050013619	2	Flavobacterium segetis
0.000419050013619	2	Chitinimonas koreensis
0.000419050013619	2	Flavobacterium beibuense
0.000419050013619	2	Lunatimonas lonarensis
0.000419050013619	2	Cnuella takakiae
0.000419050013619	2	bacterium JOSHI_001
0.000419050013619	2	Enhydrobacter aerosaccus
0.000419050013619	2	Dissulfuribacter thermophilus
0.000419050013619	2	Muribaculum
0.000419050013619	2	Atelocyanobacterium thalassa
0.000419050013619	2	Granulibacter bethesdensis
0.000419050013619	2	Sphingobium chungbukense
0.000419050013619	2	Thiothrix lacustris
0.000419050013619	2	Thauera phenylacetica
0.000419050013619	2	Stenotrophomonas maltophilia
0.000419050013619	2	sp. 21
0.000419050013619	2	Vulgatibacter incomptus
0.000419050013619	2	sp. SA4-10
0.000419050013619	2	Micrococcaceae
0.000419050013619	2	sp. FB-6
0.000419050013619	2	Flavobacterium fluvii
0.000419050013619	2	sp. GW101-3H11
0.000419050013619	2	Nitrospira japonica
0.000419050013619	2	proteobacterium CB
0.000419050013619	2	sp. LW-1
0.000419050013619	2	sp. BSW11_IV
0.000419050013619	2	Ralstonia mannitolilytica
0.000419050013619	2	Prolixibacter bellariivorans
0.000419050013619	2	Chryseobacterium tenax
0.000419050013619	2	Leptonema illini
0.000419050013619	2	Flavobacterium glycines
0.000419050013619	2	sp. MM1
0.000419050013619	2	Capnocytophaga canis
0.000419050013619	2	Microbacterium yannicii
0.000419050013619	2	sp. CRA2
0.000419050013619	2	Cyclobacterium qasimii
0.000419050013619	2	sp. BMA
0.000419050013619	2	sp. NBRC
0.000419050013619	2	Desulfotomaculum thermosubterraneum
0.000419050013619	2	Stappia indica
0.000419050013619	2	Paludibacter propionicigenes
0.00020952500681	1	sp. HOT208_60m_808M21
0.00020952500681	1	Paracoccus sanguinis
0.00020952500681	1	sp. BR816
0.00020952500681	1	sp. Hel1_85
0.00020952500681	1	Rhodothermus marinus
0.00020952500681	1	Xenophilus azovorans
0.00020952500681	1	sp. CF161
0.00020952500681	1	Nereida ignava
0.00020952500681	1	sp. Rim47
0.00020952500681	1	sp. F-4-1
0.00020952500681	1	sp. EGD-AK9
0.00020952500681	1	Anaerocolumna xylanovorans
0.00020952500681	1	sp. BuS5
0.00020952500681	1	Thiocystis violascens
0.00020952500681	1	Acetobacter malorum
0.00020952500681	1	Aeromicrobium marinum
0.00020952500681	1	Treponema pedis
0.00020952500681	1	Psychroserpens jangbogonensis
0.00020952500681	1	sp. DOA1
0.00020952500681	1	Pyrinomonas methylaliphatogenes
0.00020952500681	1	Thiomonas intermedia
0.00020952500681	1	Gordonia bronchialis
0.00020952500681	1	Brevundimonas bacteroides
0.00020952500681	1	Acetobacter orientalis
0.00020952500681	1	Microbacterium ketosireducens
0.00020952500681	1	sp. 5RATIMAR09
0.00020952500681	1	sp. KRMCY2
0.00020952500681	1	sp. S7-1-8
0.00020952500681	1	Flavobacterium xinjiangense
0.00020952500681	1	Rhodospirillum centenum
0.00020952500681	1	sp. MOIL14HWK12I2
0.00020952500681	1	sp. 1137
0.00020952500681	1	Pseudorhodobacter aquimaris
0.00020952500681	1	Turicella otitidis
0.00020952500681	1	Campylobacter lari
0.00020952500681	1	Rhizobium taibaishanense
0.00020952500681	1	sp. An22
0.00020952500681	1	Bradyrhizobium erythrophlei
0.00020952500681	1	Vibrio harveyi
0.00020952500681	1	Sphingobacterium thalpophilum
0.00020952500681	1	sp. HOT208_60m_813O14
0.00020952500681	1	Chryseobacterium cucumeris
0.00020952500681	1	Tamlana sedimentorum
0.00020952500681	1	sp. 73B
0.00020952500681	1	sp. Fl
0.00020952500681	1	Sphingopyxis granuli
0.00020952500681	1	Marispirochaeta associata
0.00020952500681	1	Brevibacterium linens
0.00020952500681	1	sp. MWH-Feld-100
0.00020952500681	1	sp. Root219
0.00020952500681	1	sp. MCT13
0.00020952500681	1	Burkholderia mallei
0.00020952500681	1	Marinobacterium stanieri
0.00020952500681	1	Stenotrophomonas
0.00020952500681	1	Vibrio maritimus
0.00020952500681	1	Alicyclobacillus ferrooxydans
0.00020952500681	1	Aequorivita vladivostokensis
0.00020952500681	1	Campylobacter ureolyticus
0.00020952500681	1	Pacificimonas flava
0.00020952500681	1	sp. P5-119
0.00020952500681	1	Aerococcus suis
0.00020952500681	1	Planomicrobium glaciei
0.00020952500681	1	sp. ORS3324
0.00020952500681	1	Vibrio anguillarum
0.00020952500681	1	Janthinobacterium lividum
0.00020952500681	1	Pirellula staleyi
0.00020952500681	1	Magnetovibrio blakemorei
0.00020952500681	1	Insolitispirillum peregrinum
0.00020952500681	1	proteobacterium NOR5-3
0.00020952500681	1	Aliifodinibius roseus
0.00020952500681	1	Marichromatium purpuratum
0.00020952500681	1	Microthrix parvicella
0.00020952500681	1	sp. J54
0.00020952500681	1	Myroides injenensis
0.00020952500681	1	Ochrovirga pacifica
0.00020952500681	1	Arcobacter lanthieri
0.00020952500681	1	Flavobacterium crassostreae
0.00020952500681	1	sp. MCBA15_019
0.00020952500681	1	sp. A12
0.00020952500681	1	bacterium HTCC2181
0.00020952500681	1	Rickettsia hoogstraalii
0.00020952500681	1	Rhodopirellula maiorica
0.00020952500681	1	Clostridium botulinum
0.00020952500681	1	sp. LA11
0.00020952500681	1	sp. ZNC0028
0.00020952500681	1	Sulfurovum lithotrophicum
0.00020952500681	1	Tepidiphilus margaritifer
0.00020952500681	1	sp. S6
0.00020952500681	1	Thiobacillus thioparus
0.00020952500681	1	Saccharomonospora cyanea
0.00020952500681	1	sp. O16
0.00020952500681	1	Bacillus mannanilyticus
0.00020952500681	1	Cylindrospermopsis sp. CR12
0.00020952500681	1	sp. MED105
0.00020952500681	1	Methylobacterium nodulans
0.00020952500681	1	bacterium URHA0028
0.00020952500681	1	Massilia sp. JS1662
0.00020952500681	1	Leptothrix ochracea
0.00020952500681	1	Syntrophomonas wolfei
0.00020952500681	1	Dehalogenimonas formicexedens
0.00020952500681	1	Smaragdicoccus niigatensis
0.00020952500681	1	Sphingobacterium deserti
0.00020952500681	1	Shewanella
0.00020952500681	1	bacterium URHE0068
0.00020952500681	1	Methylobacterium aquaticum
0.00020952500681	1	bacterium URHB0013
0.00020952500681	1	sp. CB02460
0.00020952500681	1	Bergeyella zoohelcum
0.00020952500681	1	Coraliomargarita akajimensis
0.00020952500681	1	Chitinibacter tainanensis
0.00020952500681	1	sp. G39
0.00020952500681	1	Paenarthrobacter nicotinovorans
0.00020952500681	1	Neorickettsia helminthoeca
0.00020952500681	1	sp. MJR8396C
0.00020952500681	1	Alistipes indistinctus
0.00020952500681	1	bacterium EhC05
0.00020952500681	1	bacterium EhC02
0.00020952500681	1	sp. FA1
0.00020952500681	1	bacterium WCE2008
0.00020952500681	1	bacterium H1
0.00020952500681	1	sp. KK3
0.00020952500681	1	Deferrisoma camini
0.00020952500681	1	Wenxinia marina
0.00020952500681	1	Thiothrix eikelboomii
0.00020952500681	1	Flavobacterium tructae
0.00020952500681	1	Cellvibrio japonicus
0.00020952500681	1	sp. H160
0.00020952500681	1	Acinetobacter ursingii
0.00020952500681	1	Bosea vaviloviae
0.00020952500681	1	bacterium DW12
0.00020952500681	1	sp. BAL3
0.00020952500681	1	bacterium HS-T3
0.00020952500681	1	Gracilibacillus timonensis
0.00020952500681	1	bacterium P6B14
0.00020952500681	1	Blastococcus saxobsidens
0.00020952500681	1	proteobacterium PSCGC
0.00020952500681	1	sp. DG25A
0.00020952500681	1	Parabacteroides distasonis
0.00020952500681	1	proteobacterium MLMS-1
0.00020952500681	1	sp. CF142
0.00020952500681	1	sp. P6BS-III
0.00020952500681	1	sp. Mitacek01
0.00020952500681	1	sp. OSY-SE
0.00020952500681	1	Cephaloticoccus capnophilus
0.00020952500681	1	Halocynthiibacter namhaensis
0.00020952500681	1	Marinobacterium litorale
0.00020952500681	1	sp. FSL
0.00020952500681	1	Jidaibacter acanthamoeba
0.00020952500681	1	Pelodictyon luteolum
0.00020952500681	1	Pedobacter antarcticus
0.00020952500681	1	Echinicola vietnamensis
0.00020952500681	1	Mycobacterium tuberculosis
0.00020952500681	1	sp. AK53
0.00020952500681	1	Thalassospira
0.00020952500681	1	Kamptonema formosum
0.00020952500681	1	Pedobacter glucosidilyticus
0.00020952500681	1	Azospirillum oryzae
0.00020952500681	1	sp. WG5
0.00020952500681	1	Magnetospirillum marisnigri
0.00020952500681	1	Bacillus vireti
0.00020952500681	1	Gramella forsetii
0.00020952500681	1	Synechococcaceae
0.00020952500681	1	Burkholderia
0.00020952500681	1	Pontibaca methylaminivorans
0.00020952500681	1	sp. Fw109-5
0.00020952500681	1	Lactobacillus salivarius
0.00020952500681	1	Microbacterium hydrocarbonoxydans
0.00020952500681	1	Paenirhodobacter enshiensis
0.00020952500681	1	Azohydromonas australica
0.00020952500681	1	Cupriavidus basilensis
0.00020952500681	1	Cellulophaga baltica
0.00020952500681	1	sp. SH-PL62
0.00020952500681	1	sp. APR13
0.00020952500681	1	Brevibacterium
0.00020952500681	1	Nitrosococcus watsonii
0.00020952500681	1	Moraxella pluranimalium
0.00020952500681	1	Cetobacterium somerae
0.00020952500681	1	Nitrospina gracilis
0.00020952500681	1	Deinococcus frigens
0.00020952500681	1	Mariprofundus micogutta
0.00020952500681	1	bacterium CCH3-A5
0.00020952500681	1	Cupriavidus oxalaticus
0.00020952500681	1	Gramella echinicola
0.00020952500681	1	Isosphaera pallida
0.00020952500681	1	sp. PM2-P1-29
0.00020952500681	1	Vibrio caribbeanicus
0.00020952500681	1	Asticcacaulis benevestitus
0.00020952500681	1	Clostridium bornimense
0.00020952500681	1	sp. 348MFTsu5.1
0.00020952500681	1	Thiohalorhabdus denitrificans
0.00020952500681	1	Thalassobaculum salexigens
0.00020952500681	1	Methylotenera
0.00020952500681	1	Pontibacillus
0.00020952500681	1	Archangium violaceum
0.00020952500681	1	Roseovarius
0.00020952500681	1	Marinobacter excellens
0.00020952500681	1	sp. Leaf176
0.00020952500681	1	bacterium CCH5-H10
0.00020952500681	1	Pandoraea thiooxydans
0.00020952500681	1	Prevotella pleuritidis
0.00020952500681	1	Phocaeicola abscessus
0.00020952500681	1	sp. P52-10
0.00020952500681	1	Oceanibaculum pacificum
0.00020952500681	1	Limnohabitans
0.00020952500681	1	velum gill
0.00020952500681	1	sp. C9
0.00020952500681	1	Pusillimonas noertemannii
0.00020952500681	1	sp. MM-1
0.00020952500681	1	Methylacidiphilum fumariolicum
0.00020952500681	1	Sphingobacteriaceae
0.00020952500681	1	Marinobacter nanhaiticus
0.00020952500681	1	sp. RS-1
0.00020952500681	1	bacterium 017
0.00020952500681	1	Kordiimonas lipolytica
0.00020952500681	1	Streptacidiphilus oryzae
0.00020952500681	1	sp. QSSC1-22B
0.00020952500681	1	Achromobacter
0.00020952500681	1	Hydrogenophaga taeniospiralis
0.00020952500681	1	Rickettsiella isopodorum
0.00020952500681	1	sp. UCD-FRSSP16_17
0.00020952500681	1	Pararhodospirillum photometricum
0.00020952500681	1	Nitrosospira multiformis
0.00020952500681	1	Alishewanella
0.00020952500681	1	sp. HH130630-07
0.00020952500681	1	sp. An10
0.00020952500681	1	Sediminispirochaeta smaragdinae
0.00020952500681	1	sp. AMS5
0.00020952500681	1	Bacteroides massiliensis
0.00020952500681	1	sp. T08
0.00020952500681	1	Asticcacaulis excentricus
0.00020952500681	1	sp. TX077310
0.00020952500681	1	Pseudomonas putida
0.00020952500681	1	Silvibacterium bohemicum
0.00020952500681	1	Tepidimonas taiwanensis
0.00020952500681	1	Mycobacterium angelicum
0.00020952500681	1	Promicromonospora sukumoe
0.00020952500681	1	Myroides odoratus
0.00020952500681	1	Gracilibacillus lacisalsi
0.00020952500681	1	Fischerella thermalis
0.00020952500681	1	sp. CCB-MM2
0.00020952500681	1	Alkaliflexus imshenetskii
0.00020952500681	1	proteobacterium Q-1
0.00020952500681	1	Tepidibacillus
0.00020952500681	1	Novosphingobium fuchskuhlense
0.00020952500681	1	Anaeromyxobacter dehalogenans
0.00020952500681	1	Rouxiella chamberiensis
0.00020952500681	1	Arhodomonas aquaeolei
0.00020952500681	1	Barnesiella
0.00020952500681	1	Mycobacterium gilvum
0.00020952500681	1	Planktotalea frisia
0.00020952500681	1	Aeromonas caviae
0.00020952500681	1	Hyphomonas chukchiensis
0.00020952500681	1	Geobacter pelophilus
0.00020952500681	1	Bifidobacterium coryneforme
0.00020952500681	1	Bradyrhizobium sp.
0.00020952500681	1	Photobacterium aquae
0.00020952500681	1	sp. Root485
0.00020952500681	1	Thioclava nitratireducens
0.00020952500681	1	Oceanicola granulosus
0.00020952500681	1	Methylomicrobium alcaliphilum
0.00020952500681	1	sp. Leaf334
0.00020952500681	1	sp. Leaf339
0.00020952500681	1	Halomonas salina
0.00020952500681	1	Oceanicoccus sagamiensis
0.00020952500681	1	Burkholderia arationis
0.00020952500681	1	Elizabethkingia endophytica
0.00020952500681	1	sp. Leaf201
0.00020952500681	1	Paludibacter jiangxiensis
0.00020952500681	1	Flavobacterium soli
0.00020952500681	1	Pontibacter korlensis
0.00020952500681	1	sp. HL-87
0.00020952500681	1	unclassified Nitrosomonadales
0.00020952500681	1	sp. B6
0.00020952500681	1	sp. UCH001
0.00020952500681	1	bacterium CCH12-C2
0.00020952500681	1	Niameybacter massiliensis
0.00020952500681	1	Bacteroides stercoris
0.00020952500681	1	Virgibacillus alimentarius
0.00020952500681	1	Cellulomonas iranensis
0.00020952500681	1	platifrons methanotrophic
0.00020952500681	1	Gemella sanguinis
0.00020952500681	1	Rubripirellula obstinata
0.00020952500681	1	Tepidanaerobacter acetatoxydans
0.00020952500681	1	Pigmentiphaga
0.00020952500681	1	Arenimonas oryziterrae
0.00020952500681	1	Algoriphagus
0.00020952500681	1	Streptomyces avicenniae
0.00020952500681	1	Aquamicrobium defluvii
0.00020952500681	1	sp. MED134
0.00020952500681	1	Fervidicola ferrireducens
0.00020952500681	1	sp. GW103
0.00020952500681	1	Tenacibaculum holothuriorum
0.00020952500681	1	Kiloniella
0.00020952500681	1	Pleomorphomonas oryzae
0.00020952500681	1	sp. M21
0.00020952500681	1	sp. 638
0.00020952500681	1	Marispirochaeta sp.
0.00020952500681	1	Streptomyces nanshensis
0.00020952500681	1	Massilia putida
0.00020952500681	1	Oligella urethralis
0.00020952500681	1	sp. SK-3
0.00020952500681	1	Odoribacter laneus
0.00020952500681	1	Plantibacter
0.00020952500681	1	Nonlabens
0.00020952500681	1	Hydrogenophaga
0.00020952500681	1	sp. alg1
0.00020952500681	1	Terrisporobacter glycolicus
0.00020952500681	1	Hymenobacter gelipurpurascens
0.00020952500681	1	Dickeya
0.00020952500681	1	Comamonas serinivorans
0.00020952500681	1	Aquaspirillum serpens
0.00020952500681	1	Thermomonospora curvata
0.00020952500681	1	sp. Root100
0.00020952500681	1	Dehalococcoides mccartyi
0.00020952500681	1	Aeromonas veronii
0.00020952500681	1	sp. SKB1291214
0.00020952500681	1	Pseudohongiella
0.00020952500681	1	sp. Hel_I_48
0.00020952500681	1	Herbaspirillum chlorophenolicum
0.00020952500681	1	proteobacterium AAP99
0.00020952500681	1	Desulfomicrobium orale
0.00020952500681	1	sp. Leaf307
0.00020952500681	1	Dasania marina
0.00020952500681	1	Domibacillus indicus
0.00020952500681	1	Saccharibacillus sacchari
0.00020952500681	1	Enterobacter ludwigii
0.00020952500681	1	Thiodiazotropha endoloripes
0.00020952500681	1	Burkholderia verschuerenii
0.00020952500681	1	sp. OL
0.00020952500681	1	Dethiobacter alkaliphilus
0.00020952500681	1	sp. KMS
0.00020952500681	1	Paenibacillus tuaregi
0.00020952500681	1	sp. LK11
0.00020952500681	1	sp. PML113
0.00020952500681	1	Arenimonas composti
0.00020952500681	1	Anaerophaga thermohalophila
0.00020952500681	1	Thalassospira lucentensis
0.00020952500681	1	Vibrio cholerae
0.00020952500681	1	Nitrobacter vulgaris
0.00020952500681	1	Salisaeta longa
0.00020952500681	1	sp. L21-Syr-AB
0.00020952500681	1	Algoriphagus ratkowskyi
0.00020952500681	1	Aquimarina longa
0.00020952500681	1	Blastochloris viridis
0.00020952500681	1	Nocardiopsis
0.00020952500681	1	Treponema maltophilum
0.00020952500681	1	sp. MX-AZ02
0.00020952500681	1	Pseudoalteromonas
0.00020952500681	1	sp. HI0038
0.00020952500681	1	Tenacibaculum maritimum
0.00020952500681	1	sp. VK13
0.00020952500681	1	Pontibacter lucknowensis
0.00020952500681	1	Methylobacterium platani
0.00020952500681	1	Solibacter usitatus
0.00020952500681	1	Hellea balneolensis
0.00020952500681	1	Micavibrio aeruginosavorus
0.00020952500681	1	Desulfurobacterium thermolithotrophum
0.00020952500681	1	Devosia soli
0.00020952500681	1	bacterium YL45
0.00020952500681	1	Ralstonia solanacearum
0.00020952500681	1	Noviherbaspirillum denitrificans
0.00020952500681	1	Corynebacterium lowii
0.00020952500681	1	Paenibacillus rhizosphaerae
0.00020952500681	1	TC1 of
0.00020952500681	1	Oceanibacterium hippocampi
0.00020952500681	1	Leptotrichia buccalis
0.00020952500681	1	sp. PG-2
0.00020952500681	1	Sporanaerobacter acetigenes
0.00020952500681	1	Xylophilus ampelinus
0.00020952500681	1	Bacteroides faecichinchillae
0.00020952500681	1	Maribius salinus
0.00020952500681	1	Paraburkholderia dilworthii
0.00020952500681	1	Bacteroides timonensis
0.00020952500681	1	sp. DS20
0.00020952500681	1	Bradyrhizobium
0.00020952500681	1	sp. MY03
0.00020952500681	1	bacterium DC
0.00020952500681	1	bacterium NC2004
0.00020952500681	1	sp. CAL575
0.00020952500681	1	Sphingobacterium
0.00020952500681	1	sp. CF108
0.00020952500681	1	sp. Leaf222
0.00020952500681	1	Achromobacter insuavis
0.00020952500681	1	bacterium JKG1
0.00020952500681	1	sp. OR-1
0.00020952500681	1	sp. TC1
0.00020952500681	1	Streptomyces pluripotens
0.00020952500681	1	Roseinatronobacter thiooxidans
0.00020952500681	1	Phoenicibacter massiliensis
0.00020952500681	1	Pseudorhodoplanes sinuspersici
0.00020952500681	1	Caldilinea aerophila
0.00020952500681	1	Prevotella
0.00020952500681	1	Methyloferula stellata
0.00020952500681	1	Candidimonas nitroreducens
0.00020952500681	1	Patulibacter medicamentivorans
0.00020952500681	1	Actinomyces liubingyangii
0.00020952500681	1	Persicobacter
0.00020952500681	1	Lactobacillus rhamnosus
0.00020952500681	1	Flavobacterium reichenbachii
0.00020952500681	1	Tangfeifania diversioriginum
0.00020952500681	1	Streptomyces
0.00020952500681	1	sp. FJAT-26967
0.00020952500681	1	Sulfuricurvum kujiense
0.00020952500681	1	Herbaspirillum aquaticum
0.00020952500681	1	sp. NJ1
0.00020952500681	1	Methyloceanibacter superfactus
0.00020952500681	1	Marinibacterium profundimaris
0.00020952500681	1	Sporosarcina ureae
0.00020952500681	1	Aequorivita soesokkakensis
0.00020952500681	1	sp. NR
0.00020952500681	1	Acetomicrobium
0.00020952500681	1	Cellulophaga tyrosinoxydans
0.00020952500681	1	sp. ATCC
0.00020952500681	1	Thermodesulfovibrio thiophilus
0.00020952500681	1	sp. MIC269
0.00020952500681	1	Chloroherpeton thalassium
0.00020952500681	1	Acetobacterium wieringae
0.00020952500681	1	sp. Soil777
0.00020952500681	1	Brachyspira hampsonii
0.00020952500681	1	Marinomonas polaris
0.00020952500681	1	sp. ES.010
0.00020952500681	1	Rheinheimera perlucida
0.00020952500681	1	sp. Root483D2
0.00020952500681	1	Alicyclobacillus
0.00020952500681	1	sp. IDO
0.00020952500681	1	sp. SZ-19
0.00020952500681	1	Nitrospirillum amazonense
0.00020952500681	1	Carboxydocella sporoproducens
0.00020952500681	1	sp. OA-2007
0.00020952500681	1	Thermoactinomyces daqus
0.00020952500681	1	bacterium URHB0048
0.00020952500681	1	Arenitalea lutea
0.00020952500681	1	Bellilinea caldifistulae
0.00020952500681	1	Chryseobacterium joostei
0.00020952500681	1	Pedobacter lusitanus
0.00020952500681	1	Jannaschia rubra
0.00020952500681	1	Chryseobacterium molle
0.00020952500681	1	Nitrospira inopinata
0.00020952500681	1	Clostridium cellulosi
0.00020952500681	1	Niveispirillum irakense
0.00020952500681	1	sp. DCY110
0.00020952500681	1	Ketogulonicigenium robustum
0.00020952500681	1	Cellulophaga lytica
0.00020952500681	1	Thalassospira alkalitolerans
0.00020952500681	1	Nitrosomonas eutropha
0.00020952500681	1	Rikenellaceae
0.00020952500681	1	Isoptericola dokdonensis
0.00020952500681	1	Lascolabacillus massiliensis
0.00020952500681	1	Terasakiella pusilla
0.00020952500681	1	Sideroxydans lithotrophicus
0.00020952500681	1	Paracoccus pantotrophus
0.00020952500681	1	sp. An268
0.00020952500681	1	sp. IMCC21224
0.00020952500681	1	bacterium L21-RPul-D3
0.00020952500681	1	Flavobacterium piscis
0.00020952500681	1	sp. FJAT-29814
0.00020952500681	1	Bacillus clausii
0.00020952500681	1	Phormidium
0.00020952500681	1	Lentimicrobium saccharophilum
0.00020952500681	1	Noviherbaspirillum autotrophicum
0.00020952500681	1	Roseivivax jejudonensis
0.00020952500681	1	sp. Leaf369
0.00020952500681	1	sp. WYCCWR10014
0.00020952500681	1	Azohydromonas
0.00020952500681	1	sp. I2
0.00020952500681	1	Collinsella tanakaei
0.00020952500681	1	Fangia hongkongensis
0.00020952500681	1	Synechococcus sp. CB0101
0.00020952500681	1	bacterium SCGC
0.00020952500681	1	Agromyces
0.00020952500681	1	Tepidimonas fonticaldi
0.00020952500681	1	Amycolatopsis nigrescens
0.00020952500681	1	sp. HI0125
0.00020952500681	1	sp. JB170
0.00020952500681	1	Roseivivax lentus
0.00020952500681	1	Cycloclasticus pugetii
0.00020952500681	1	sp. T16E-39
0.00020952500681	1	sp. Leaf72
0.00020952500681	1	sp. JC304
0.00020952500681	1	Endozoicomonas arenosclerae
0.00020952500681	1	Desulfocapsa sulfexigens
0.00020952500681	1	Oceanimonas smirnovii
0.00020952500681	1	Thermomonas hydrothermalis
0.00020952500681	1	Ferriphaselus amnicola
0.00020952500681	1	Sphingobium czechense
0.00020952500681	1	Desulfobulbus elongatus
0.00020952500681	1	Sphingomonas
0.00020952500681	1	Empedobacter brevis
0.00020952500681	1	Paenibacillus borealis
0.00020952500681	1	Chloroflexus aggregans
0.00020952500681	1	bacterium AT-5844
0.00020952500681	1	Acidobacterium capsulatum
0.00020952500681	1	sp. C-1
0.00020952500681	1	Bacillus simplex
0.00020952500681	1	Bacillus acidiproducens
0.00020952500681	1	sp. KM1
0.00020952500681	1	Thioflexothrix psekupsii
0.00020952500681	1	sp. AL212
0.00020952500681	1	Bacillus fastidiosus
0.00020952500681	1	sp. KORDI-52
0.00020952500681	1	bacterium VE202-06
0.00020952500681	1	Bacillus luciferensis
0.00020952500681	1	Chryseobacterium
0.00020952500681	1	Orrella dioscoreae
0.00020952500681	1	Ilyobacter polytropus
0.00020952500681	1	Mesonia mobilis
0.00020952500681	1	Delftia
0.00020952500681	1	Sanguibacter suarezii
0.00020952500681	1	Kineosphaera limosa
0.00020952500681	1	Phytoplasma phoenicium
0.00020952500681	1	Chryseobacterium piscicola
0.00020952500681	1	Actinomyces
0.00020952500681	1	Neoehrlichia lotoris
0.00020952500681	1	Hymenobacter roseosalivarius
0.00020952500681	1	Erythrobacter
0.00020952500681	1	Woeseia oceani
0.00020952500681	1	sp. An273
0.00020952500681	1	Flammeovirga pacifica
0.00020952500681	1	Microbulbifer thermotolerans
0.00020952500681	1	Gilliamella apicola
0.00020952500681	1	sp. Rim28
0.00020952500681	1	sp. TAA
0.00020952500681	1	Nocardioides jensenii
0.00020952500681	1	sp. MBT63
0.00020952500681	1	Psychroserpens mesophilus
0.00020952500681	1	Pedobacter jeongneungensis
0.00020952500681	1	sp. TD01
0.00020952500681	1	sp. MCCC
0.00020952500681	1	sp. NI22
0.00020952500681	1	Clostridium clariflavum
0.00020952500681	1	Bordetella bronchiseptica
0.00020952500681	1	Faecalibacterium prausnitzii
0.00020952500681	1	Lamprocystis purpurea
0.00020952500681	1	sp. CBo1
0.00020952500681	1	Gallaecimonas pentaromativorans
0.00020952500681	1	Austwickia chelonae
0.00020952500681	1	Roseomonas rosea
0.00020952500681	1	Streptomyces avermitilis
0.00020952500681	1	sp. SBT349
0.00020952500681	1	Burkholderia stagnalis
0.00020952500681	1	sp. Root1444
0.00020952500681	1	Celeribacter halophilus
0.00020952500681	1	sp. DSM
0.00020952500681	1	sp. PDO1-076
0.00020952500681	1	sp. HI0063
0.00020952500681	1	Archaea
0.00020952500681	1	sp. Soil756
0.00020952500681	1	Proteobacteria
0.00020952500681	1	Asinibacterium
0.00020952500681	1	sp. Root83
0.00020952500681	1	Roseomonas cervicalis
0.00020952500681	1	Aquimarina latercula
0.00020952500681	1	Arenimonas malthae
0.00020952500681	1	Endozoicomonas numazuensis
0.00020952500681	1	sp. 22II-16-19i
0.00020952500681	1	Anaerolinea thermophila
0.00020952500681	1	sp. BAL378
0.00020952500681	1	Amycolatopsis kentuckyensis
0.00020952500681	1	Limnochorda pilosa
0.00020952500681	1	Acaryochloris
0.00020952500681	1	Actinopolymorpha alba
0.00020952500681	1	bacterium CF
0.00020952500681	1	Thiobacillus denitrificans
0.00020952500681	1	Ruegeria mobilis
0.00020952500681	1	Gluconacetobacter diazotrophicus
0.00020952500681	1	sp. C04
0.00020952500681	1	Advenella kashmirensis
0.00020952500681	1	Thioalkalivibrio
0.00020952500681	1	sp. KORDI-49
0.00020952500681	1	Muricauda lutaonensis
0.00020952500681	1	Polynucleobacter
0.00020952500681	1	Longilinea arvoryzae
0.00020952500681	1	sp. SPB074
0.00020952500681	1	Bacillus coagulans
0.00020952500681	1	sp. TomC
0.00020952500681	1	Nisaea denitrificans
0.00020952500681	1	Maribacter dokdonensis
0.00020952500681	1	Walczuchella monophlebidarum
0.00020952500681	1	sp. 22II-s10i
0.00020952500681	1	sp. NML030171
0.00020952500681	1	Pedobacter caeni
0.00020952500681	1	Hyphomonas adhaerens
0.00020952500681	1	sp. Root656
0.00020952500681	1	sp. RU33C
0.00020952500681	1	Arcticibacter eurypsychrophilus
0.00020952500681	1	Pannonibacter phragmitetus
0.00020952500681	1	Acholeplasma laidlawii
0.00020952500681	1	Parageobacillus toebii
0.00020952500681	1	Actinomyces radicidentis
0.00020952500681	1	Parachlamydia acanthamoebae
0.00020952500681	1	Thermoflexus hugenholtzii
0.00020952500681	1	Blastococcus massiliensis
0.00020952500681	1	bacterium LSJC7
0.00020952500681	1	Nitrosomonas cryotolerans
0.00020952500681	1	sp. Nv17
0.00020952500681	1	Nitrosospira lacus
0.00020952500681	1	sp. HGC4
0.00020952500681	1	Paenibacillus naphthalenovorans
0.00020952500681	1	sp. SCGC_AAA799_C22
0.00020952500681	1	sp. JB363
0.00020952500681	1	Nocardiopsis potens
0.00020952500681	1	sp. Root1217
0.00020952500681	1	Deefgea rivuli
0.00020952500681	1	Sphaerotilus natans
0.00020952500681	1	sp. T436
0.00020952500681	1	Sinorhizobium meliloti
0.00020952500681	1	Maribacter forsetii
0.00020952500681	1	Dyadobacter tibetensis
0.00020952500681	1	sp. 4H-3-7-5
0.00020952500681	1	Porphyrobacter neustonensis
0.00020952500681	1	Thioalkalivibrio sulfidiphilus
0.00020952500681	1	sp. USBA
0.00020952500681	1	Beijerinckia mobilis
0.00020952500681	1	Niastella
0.00020952500681	1	Kaistia soli
0.00020952500681	1	Hahella chejuensis
0.00020952500681	1	Blautia hydrogenotrophica
0.00020952500681	1	Chryseobacterium formosense
0.00020952500681	1	Paraburkholderia rhizoxinica
0.00020952500681	1	bacterium VE202-21
0.00020952500681	1	Borrelia hermsii
0.00020952500681	1	Bacteroides fragilis
0.00020952500681	1	Streptosporangium roseum
0.00020952500681	1	Ruania albidiflava
0.00020952500681	1	sp. L54-1-50
0.00020952500681	1	Melaminivora alkalimesophila
0.00020952500681	1	Polaromonas glacialis
0.00020952500681	1	Rickettsia heilongjiangensis
0.00020952500681	1	Hydrogenophaga intermedia
0.00020952500681	1	Aeromonas simiae
0.00020952500681	1	Comamonas
0.00020952500681	1	Desulforegula conservatrix
0.00020952500681	1	Kribbella catacumbae
0.00020952500681	1	Galbibacter marinus
0.00020952500681	1	Delftia tsuruhatensis
0.00020952500681	1	sp. HL-130-GSB
0.00020952500681	1	Marinobacter lutaoensis
0.00020952500681	1	Bifidobacterium longum
0.00020952500681	1	sp. Leaf139
0.00020952500681	1	Afifella pfennigii
0.00020952500681	1	Oligotropha carboxidovorans
0.00020952500681	1	Contendobacter odensis
0.00020952500681	1	Sedimenticola selenatireducens
0.00020952500681	1	Aequorivita sublithincola
0.00020952500681	1	sp. Leaf2
0.00020952500681	1	bacterium IMCC26256
0.00020952500681	1	Flavobacterium limnosediminis
0.00020952500681	1	Magnetofaba australis
0.00020952500681	1	Flavobacterium hercynium
0.00020952500681	1	Nakamurella lactea
0.00020952500681	1	Gelidibacter algens
0.00020952500681	1	sp. JS1663
0.00020952500681	1	Catenulispora acidiphila
0.00020952500681	1	sp. AH1
0.00020952500681	1	Curvibacter delicatus
0.00020952500681	1	Actinomadura rifamycini
0.00020952500681	1	Clostridium neopropionicum
0.00020952500681	1	Microvirga massiliensis
0.00020952500681	1	sp. 10H
0.00020952500681	1	Leptospira
0.00020952500681	1	sp. LA220
0.00020952500681	1	Psychroserpens damuponensis
0.00020952500681	1	sp. CCB-QB2
0.00020952500681	1	bacterium TAV5
0.00020952500681	1	bacterium TAV4
0.00020952500681	1	bacterium TAV3
0.00020952500681	1	sp. LPB0136
0.00020952500681	1	Chlorobium ferrooxidans
0.00020952500681	1	Caulobacter
0.00020952500681	1	sp. NA2
0.00020952500681	1	Variovorax boronicumulans
0.00020952500681	1	sp. FSC1006
0.00020952500681	1	sp. Root700
0.00020952500681	1	bacterium A100
0.00020952500681	1	Anaerotruncus rubiinfantis
0.00020952500681	1	sp. B-6
0.00020952500681	1	Arcticibacter svalbardensis
0.00020952500681	1	proteobacterium AAP38
0.00020952500681	1	Rhizobium grahamii
0.00020952500681	1	Hydrogenibacillus schlegelii
0.00020952500681	1	sp. QM202
0.00020952500681	1	sp. FH2
0.00020952500681	1	sp. EhC07
0.00020952500681	1	Lautropia mirabilis
0.00020952500681	1	Rhizobium leucaenae
0.00020952500681	1	Pseudomonas psychrotolerans
0.00020952500681	1	Hoeflea olei
0.00020952500681	1	sp. Marseille-P3160
0.00020952500681	1	Sandarakinorhabdus limnophila
0.00020952500681	1	Acidipropionibacterium acidipropionici
0.00020952500681	1	Prevotella nigrescens
0.00020952500681	1	Thermobispora bispora
0.00020952500681	1	Odyssella thessalonicensis
0.00020952500681	1	sp. MT41
0.00020952500681	1	Leptolyngbya sp. JSC-1
0.00020952500681	1	Fervidobacterium thailandensis
0.00020952500681	1	Bacillus circulans
0.00020952500681	1	Hepatobacter penaei
0.00020952500681	1	Acidiferrobacter thiooxydans
0.00020952500681	1	sp. B9-8
0.00020952500681	1	Nonlabens sediminis
0.00020952500681	1	Spirosoma rigui
0.00020952500681	1	Luteimonas mephitis
0.00020952500681	1	sp. LCM
0.00020952500681	1	Nitrosospira briensis
0.00020952500681	1	Coxiella burnetii
0.00020952500681	1	sp. WDL1
0.00020952500681	1	Moraxella osloensis
0.00020952500681	1	sp. AAP60
0.00020952500681	1	Thioflavicoccus mobilis
0.00020952500681	1	Gaetbulibacter saemankumensis
0.00020952500681	1	Bacteroides pyogenes
0.00020952500681	1	Streptomyces viridochromogenes
0.00020952500681	1	Sulfurivirga caldicuralii
0.00020952500681	1	sp. R2A62
0.00020952500681	1	Cellulosimicrobium cellulans
0.00020952500681	1	Verrucomicrobia miscellaneous
0.00020952500681	1	sp. WJW
0.00020952500681	1	sp. 117
0.00020952500681	1	Grimontia marina
0.00020952500681	1	Thauera terpenica
0.00020952500681	1	sp. KarMa
0.00020952500681	1	Labilibacter marinus
0.00020952500681	1	bacterium Ac37b
0.00020952500681	1	Draconibacterium orientale
0.00020952500681	1	Neisseria weaveri
0.00020952500681	1	Aromatoleum aromaticum
0.00020952500681	1	Maricaulis maris
0.00020952500681	1	Tepidicaulis marinus
0.00020952500681	1	sp. MK1
0.00020952500681	1	sp. 20V17
0.00020952500681	1	Paraburkholderia tropica
0.00020952500681	1	Gammaproteobacteria
0.00020952500681	1	Polyangium brachysporum
0.00020952500681	1	Hymenobacter daecheongensis
0.00020952500681	1	sp. T7-7
0.00020952500681	1	Herbaspirillum
0.00020952500681	1	Phenylobacterium
0.00020952500681	1	Nitrosomonas ureae
0.00020952500681	1	sp. Tv2a-2
0.00020952500681	1	Acidothermus cellulolyticus
0.00020952500681	1	Arenibacter certesii
0.00020952500681	1	Enterobacteriaceae
0.00020952500681	1	Leptothrix cholodnii
0.00020952500681	1	Labrenzia
0.00020952500681	1	Dyadobacter alkalitolerans
0.00020952500681	1	Sinorhizobium saheli
0.00020952500681	1	proteobacterium RS24
0.00020952500681	1	Fodinicurvata sediminis
0.00020952500681	1	sp. PBN3
0.00020952500681	1	Thermacetogenium phaeum
0.00020952500681	1	Chromobacterium
0.00020952500681	1	Roseovarius albus
0.00020952500681	1	Nocardiopsis gilva
0.00020952500681	1	Thermus oshimai
0.00020952500681	1	harveyi group
0.00020952500681	1	Orientia tsutsugamushi
0.00020952500681	1	Formosa algae
0.00020952500681	1	Desulfobulbus propionicus
0.00020952500681	1	sp. HMSC066H01
0.00020952500681	1	Loktanella soesokkakensis
0.00020952500681	1	sp. DG25B
0.00020952500681	1	Blochmannia vafer
0.00020952500681	1	sp. HMSC074C01
0.00020952500681	1	Mycobacterium aromaticivorans
0.00020952500681	1	sp. Leaf391
0.00020952500681	1	Phaeomarinobacter ectocarpi
0.00020952500681	1	Haloglycomyces albus
0.00020952500681	1	Limnohabitans sp. Rim28
0.00020952500681	1	sp. 7
0.00020952500681	1	Cellulophaga geojensis
0.00020952500681	1	Defluviimonas alba
0.00020952500681	1	Desulfomonile tiedjei
0.00020952500681	1	Saccharicrinis fermentans
0.00020952500681	1	Geobacter soli
0.00020952500681	1	Methylobacterium
0.00020952500681	1	Sinomicrobium oceani
0.00020952500681	1	Desulfuribacillus alkaliarsenatis
0.00020952500681	1	Sphingobacterium paucimobilis
0.00020952500681	1	Burkholderia vietnamiensis
0.00020952500681	1	Terasakiispira papahanaumokuakeensis
0.00020952500681	1	Streptomyces gilvosporeus
0.00020952500681	1	Thalassobius
0.00020952500681	1	sp. NML080357
0.00020952500681	1	Serratia liquefaciens
0.00020952500681	1	Conchiformibius kuhniae
0.00020952500681	1	Corynebacterium flavescens
0.00020952500681	1	Thauera chlorobenzoica
0.00020952500681	1	sp. Leaf267
0.00020952500681	1	Spongiibacterium flavum
0.00020952500681	1	Alicyclobacillus vulcanalis
0.00020952500681	1	Intrasporangium calvum
0.00020952500681	1	sp. ML1
0.00020952500681	1	Psychroflexus torquis
0.00020952500681	1	Xylella fastidiosa
0.00020952500681	1	Indibacter alkaliphilus
0.00020952500681	1	sp. S4079
0.00020952500681	1	sp. Hv1
0.00020952500681	1	Leeia oryzae
0.00020952500681	1	Desulfotomaculum intricatum
0.00020952500681	1	sp. PSBB023
0.00020952500681	1	Pseudomonas
0.00020952500681	1	Azospirillum brasilense
0.00020952500681	1	sp. VCSA23
0.00020952500681	1	Mycoplasma hyorhinis
0.00020952500681	1	Capnocytophaga gingivalis
0.00020952500681	1	Methylogaea oryzae
0.00020952500681	1	Streptomyces jeddahensis
0.00020952500681	1	Flavobacterium xanthum
0.00020952500681	1	sp. HMSC13C05
0.00020952500681	1	Methylibium
0.00020952500681	1	sp. CCH12-A4
0.00020952500681	1	sp. IMCC20628
0.00020952500681	1	Wenzhouxiangella marina
0.00020952500681	1	Desulfonatronospira thiodismutans
0.00020952500681	1	Hydrogenophaga flava
0.00020952500681	1	bacterium IMCC9480
0.00020952500681	1	sp. Root189
0.00020952500681	1	Burkholderia cepacia
0.00020952500681	1	bacterium ST-PulAB-D4
0.00020952500681	1	Brachybacterium muris
0.00020952500681	1	Helicobacter pullorum
0.00020952500681	1	Shewanella marisflavi
0.00020952500681	1	Cyclobacterium amurskyense
0.00020952500681	1	sp. Hel_I_29
0.00020952500681	1	sp. Seq25_V
0.00020952500681	1	Pseudovibrio denitrificans
0.00020952500681	1	sp. Leaf194
0.00020952500681	1	Rhodoblastus acidophilus
0.00020952500681	1	Ferrimicrobium acidiphilum
0.00020952500681	1	Polynucleobacter necessarius
0.00020952500681	1	Spirosoma radiotolerans
0.00020952500681	1	Helicobacter muridarum
0.00020952500681	1	Acetivibrio ethanolgignens
0.00020952500681	1	Marinospirillum alkaliphilum
0.00020952500681	1	Hydrogenophaga palleronii
0.00020952500681	1	Mesoflavibacter zeaxanthinifaciens
0.00020952500681	1	Roseomonas aerilata
0.00020952500681	1	sp. CF316
0.00020952500681	1	sp. S-6-2
0.00020952500681	1	Psychroserpens burtonensis
0.00020952500681	1	Celeribacter ethanolicus
0.00020952500681	1	Dyadobacter
0.00020952500681	1	Clostridium ultunense
0.00020952500681	1	Microtetraspora glauca
0.00020952500681	1	Sphingopyxis flava
0.00020952500681	1	Rhodopirellula islandica
0.00020952500681	1	bacterium Barb6
0.00020952500681	1	Mycobacterium asiaticum
0.00020952500681	1	Nocardia cyriacigeorgica
0.00020952500681	1	sp. MM2
0.00020952500681	1	Flavobacterium gilvum
0.00020952500681	1	sp. 34C10-3-10
0.00020952500681	1	sp. Leaf126
0.00020952500681	1	sp. AED
0.00020952500681	1	Kiloniella spongiae
0.00020952500681	1	sp. TSRI0281
0.00020952500681	1	Moorella thermoacetica
0.00020952500681	1	Granulosicoccus antarcticus
0.00020952500681	1	sp. 273MFTsu3.1
0.00020952500681	1	Cohnella laeviribosi
0.00020952500681	1	Acetobacter persici
0.00020952500681	1	Flammeovirgaceae
0.00020952500681	1	Chryseobacterium limigenitum
0.00020952500681	1	Myroides xuanwuensis
0.00020952500681	1	Comamonas badia
0.00020952500681	1	sp. RZW4-3-2
0.00020952500681	1	Niastella yeongjuensis
0.00020952500681	1	Legionella quateirensis
0.00020952500681	1	pseudomallei group
0.00020952500681	1	Sphingomonas phyllosphaerae
0.00020952500681	1	Thiothrix nivea
0.00020952500681	1	sp. Root190
0.00020952500681	1	Arcobacter lekithochrous
0.00020952500681	1	Occidentia massiliensis
0.00020952500681	1	sp. 1P1
0.00020952500681	1	Bdellovibrio bacteriovorus
0.00020952500681	1	Euryhalocaulis caribicus
0.00020952500681	1	sp. KT
0.00020952500681	1	Massilia alkalitolerans
0.00020952500681	1	Thiomicrospira pelophila
0.00020952500681	1	Legionella quinlivanii
0.00020952500681	1	Spirochaeta americana
