42.1850994982	325658	Inediibacterium massiliense
14.8102138155	114331	Dolichospermum circinale
7.05528942685	54465	Blautia massiliensis
5.87467971719	45351	Streptococcus pneumoniae
4.20312083049	32447	Salmonella enterica
2.8741900634	22188	Anabaena sp.
2.60539862741	20113	Clostridiales bacterium
2.32222846883	17927	Acinetobacter baumannii
1.43230212416	11057	Virgibacillus senegalensis
1.1851435411	9149	Fusobacterium nucleatum
1.0135056362	7824	Aphanizomenon flos-aquae
1.01039672321	7800	Cylindrospermopsis raciborskii
0.911300121507	7035	Bacteria
0.854691997399	6598	Staphylococcus agnetis
0.802876780824	6198	Nostocales
0.700412190048	5407	Nodularia spumigena
0.607403876296	4689	Nostoc sp.
0.597688523189	4614	Nostoc calcicola
0.528644747103	4081	Trichormus sp.
0.511804801716	3951	Microcystis aeruginosa
0.486415345595	3755	Vibrio parahaemolyticus
0.385505211315	2976	Synechococcus sp.
0.376178472332	2904	Bacillus aminovorans
0.33990782073	2624	Nostoc piscinale
0.290035674777	2239	Candidatus Regiella
0.284724615078	2198	Coleofasciculus chthonoplastes
0.239774914699	1851	Lactobacillus rossiae
0.227727876846	1758	Nostoc punctiforme
0.21011070321	1622	Anabaena cylindrica
0.197286437108	1523	Chryseolinea serpens
0.189125540497	1460	Trichormus azollae
0.18394401884	1420	Ohtaekwangia koreensis
0.175394508105	1354	Richelia intracellularis
0.148191519404	1144	Leptolyngbya sp.
0.141714617332	1094	Fortiea contorta
0.123967905655	957	Nodularia sp.
0.120470378536	930	Pantoea vagans
0.107516574392	830	Calothrix sp.
0.096117226746	742	Anabaena
0.0930083137515	718	Chlamydia psittaci
0.084847417141	655	Legionella pneumophila
0.0817385041465	631	Scytonema sp.
0.0737071455774	569	Fischerella sp.
0.0717640749559	554	Aliterella atlantica
0.0681370097957	526	Elizabethkingia anophelis
0.0665825532984	514	Aphanizomenonaceae
0.0645099446354	498	Prochlorococcus marinus
0.0630850261796	487	Cylindrospermum stagnale
0.0615305696824	475	Staphylococcus saprophyticus
0.0585511947294	452	Pseudanabaena sp.
0.058162580605	449	Tamlana sp.
0.0512970644089	396	Hapalosiphonaceae
0.0487063035802	376	Escherichia coli
0.0470223090415	363	Microcoleus vaginatus
0.0423589395498	327	Klebsiella pneumoniae
0.0379546461409	293	Fischerella
0.0366592657266	283	Crinalium epipsammum
0.0341980429393	264	Nostoc
0.0336798907735	260	Geitlerinema sp.
0.0330322005663	255	Desulfobacula sp.
0.0319958962348	247	Fulvivirga imtechensis
0.0292755973647	226	Chlorogloeopsis fritschii
0.0281097549917	217	Trichodesmium erythraeum
0.0268143745774	207	Staphylococcus aureus
0.0257780702459	199	Crocosphaera watsonii
0.0256485322045	198	Cyanobacteria
0.025518994163	197	Arthrobacter sp.
0.0234463855	181	Bacillus cereus
0.0233168474586	180	Cyanothece sp.
0.0229282333343	177	Tolypothrix sp.
0.02253961921	174	Colwellia sediminilitoris
0.0221510050857	171	Moorea producens
0.0209851627127	162	Hapalosiphon sp.
0.0203374725056	157	Cylindrospermopsis
0.0202079344641	156	Calothrix parietina
0.0191716301326	148	Planktothrix
0.0190420920912	147	Gloeocapsa sp.
0.0187830160083	145	Scytonema hofmannii
0.0186534779669	144	Cylindrospermopsis sp.
0.0182648638426	141	Synechocystis sp.
0.0182648638426	141	Synechococcus
0.0178762497183	138	Fischerella muscicola
0.0178762497183	138	Scytonema hofmanni UTEX B 1581
0.0177467116768	137	Phormidesmis priestleyi
0.0172285595111	133	Xenococcus sp.
0.0168399453868	130	Moritella viscosa
0.0164513312625	127	Nostocales cyanobacterium
0.016321793221	126	Microcoleus sp.
0.0159331790967	123	Flammeovirgaceae bacterium
0.0158036410553	122	Calothrix rhizosoleniae
0.015415026931	119	Tolypothrix campylonemoides
0.0151559508481	117	Hydrococcus rivularis
0.0150264128066	116	Pseudanabaena biceps
0.0147673367238	114	Lyngbya confervoides
0.0138605704337	107	Kamptonema
0.0137310323923	106	Bifidobacterium longum
0.0136014943508	105	Cyanobium sp.
0.0132128802265	102	Bacillus thuringiensis
0.0130833421851	101	Mastigocoleus testarum
0.0129538041437	100	Phormidium ambiguum
0.0129538041437	100	Flavobacterium sp.
0.0125651900194	97	Geminocystis herdmanii
0.0125651900194	97	Mastigocladopsis repens
0.0124356519779	96	Synechococcales
0.0124356519779	96	cyanobacterium PCC
0.0120470378536	93	Nostocaceae
0.0120470378536	93	Oscillatoriales cyanobacterium
0.0117879617707	91	Planktothrix sp.
0.0117879617707	91	Arthrospira platensis
0.0116584237293	90	Chroococcidiopsis thermalis
0.0111402715636	86	Stanieria cyanosphaera
0.0110107335221	85	Fluviicola taffensis
0.0108811954807	84	Rheinheimera texasensis
0.0108811954807	84	Planktothrix agardhii
0.0106221193978	82	Lyngbya sp.
0.0103630433149	80	Halothece sp.
0.0103630433149	80	Raphidiopsis brookii
0.0102335052735	79	Scytonema millei
0.0102335052735	79	Emticicia sp.
0.0101039672321	78	Pseudomonas syringae
0.00971535310775	75	Scytonema tolypothrichoides
0.00945627702487	73	Phormidium tenue
0.00945627702487	73	unicellular cyanobacterium
0.00932673898344	72	unclassified Opitutaceae
0.009197200942	71	Rivularia sp.
0.009197200942	71	Desertifilum sp.
0.009197200942	71	Cyanothece
0.00906766290056	70	Gloeomargarita lithophora
0.00867904877625	67	Flavobacterium aquatile
0.00841997269338	65	Geminocystis sp.
0.00803135856907	62	Hymenobacter sp.
0.00803135856907	62	Herbaspirillum rubrisubalbicans
0.0077722824862	60	Tolypothrix bouteillei
0.00751320640332	58	Gloeobacter violaceus
0.00738366836189	57	Leptolyngbya valderiana
0.00738366836189	57	Algoriphagus sp.
0.00699505423758	54	Sediminibacterium ginsengisoli
0.00686551619614	53	Moorea bouillonii
0.00686551619614	53	Candidatus Methylopumilus
0.00686551619614	53	Archaea
0.0067359781547	52	Streptococcus suis
0.00660644011327	51	Chroococcaceae
0.00634736403039	49	Chitinophagaceae bacterium
0.00621782598896	48	Mastigocladus laminosus
0.00621782598896	48	Algoriphagus marinus
0.00621782598896	48	Sporocytophaga myxococcoides
0.00608828794752	47	Nafulsella turpanensis
0.00595874990608	46	Arthrospira
0.00582921186465	45	Flexithrix dorotheae
0.00582921186465	45	Spirulina major
0.00569967382321	44	Marivirga sericea
0.00569967382321	44	Flavobacterium fontis
0.00557013578178	43	Prochlorococcus
0.00557013578178	43	Reichenbachiella faecimaris
0.00544059774034	42	Leptolyngbya ohadii
0.00544059774034	42	Planktothricoides sp.
0.0053110596989	41	Planktothrix tepida
0.00518152165747	40	Reichenbachiella agariperforans
0.00518152165747	40	Cyanobium gracile
0.00505198361603	39	Gammaproteobacteria bacterium
0.00492244557459	38	Marivirga tractuosa
0.00492244557459	38	Oscillatoria sp.
0.00492244557459	38	Microcystis
0.00479290753316	37	Pedobacter sp.
0.00479290753316	37	Pseudoalteromonas sp.
0.00479290753316	37	Sediminibacterium sp.
0.00466336949172	36	Oscillatoria acuminata
0.00466336949172	36	Flectobacillus major
0.00466336949172	36	Clostridioides difficile
0.00466336949172	36	Limnohabitans sp.
0.00466336949172	36	Pleurocapsa sp.
0.00466336949172	36	Pseudomonas aeruginosa
0.00453383145028	35	Chroogloeocystis siderophila
0.00440429340885	34	Leptolyngbya boryana
0.00427475536741	33	Haliscomenobacter hydrossis
0.00427475536741	33	Limnoraphis robusta
0.00427475536741	33	Mucilaginibacter sp.
0.00427475536741	33	Anaplasma phagocytophilum
0.00427475536741	33	Rheinheimera sp.
0.00427475536741	33	Microcystis sp.
0.00427475536741	33	Dactylococcopsis salina
0.00414521732597	32	Phormidium willei
0.00414521732597	32	Chamaesiphon minutus
0.00414521732597	32	Neosynechococcus sphagnicola
0.00414521732597	32	Flammeovirga sp.
0.00414521732597	32	Cesiribacter andamanensis
0.00401567928454	31	alpha proteobacterium
0.0038861412431	30	Runella limosa
0.0038861412431	30	Anabaena sp. 90
0.0038861412431	30	Flavobacterium columnare
0.0038861412431	30	Cecembia lonarensis
0.0038861412431	30	Prochlorothrix hollandica
0.0038861412431	30	Adhaeribacter aquaticus
0.00375660320166	29	Flavobacterium
0.00375660320166	29	Pelomonas sp.
0.00375660320166	29	Prochlorococcus sp.
0.00375660320166	29	Roseivirga ehrenbergii
0.00375660320166	29	Pseudanabaena
0.00362706516023	28	Pseudomonas sp.
0.00362706516023	28	Hydrotalea flava
0.00362706516023	28	Planktothrix rubescens
0.00362706516023	28	Roseivirga spongicola
0.00349752711879	27	Aeromonas piscicola
0.00349752711879	27	Microscilla marina
0.00349752711879	27	Aeromonas dhakensis
0.00336798907735	26	Cytophaga hutchinsonii
0.00336798907735	26	Candidatus Synechococcus
0.00336798907735	26	Hydrogenophaga sp.
0.00336798907735	26	Flavobacterium filum
0.00336798907735	26	Leadbetterella byssophila
0.00336798907735	26	Chryseobacterium sp.
0.00336798907735	26	Helicobacter pylori
0.00336798907735	26	Collimonas pratensis
0.00336798907735	26	Lactobacillus harbinensis
0.00336798907735	26	bacterium 3363
0.00323845103592	25	Oscillatoriales
0.00323845103592	25	Halomicronema hongdechloris
0.00323845103592	25	Flavobacterium succinicans
0.00323845103592	25	Gloeobacter kilaueensis
0.00323845103592	25	Rudanella lutea
0.00310891299448	24	Spirosoma montaniterrae
0.00310891299448	24	Candidatus Pelagibacter
0.00310891299448	24	Arsenicibacter rosenii
0.00310891299448	24	Flavisolibacter sp.
0.00310891299448	24	Flavobacterium branchiophilum
0.00297937495304	23	Sphingobacterium sp.
0.00297937495304	23	Eisenibacter elegans
0.00297937495304	23	Flavobacterium psychrophilum
0.00297937495304	23	Aquiflexum balticum
0.00297937495304	23	Roseivirga echinicomitans
0.00297937495304	23	Runella zeae
0.00297937495304	23	Rhodococcus wratislaviensis
0.00297937495304	23	Pedosphaera parvula
0.00284983691161	22	Emticicia oligotrophica
0.00284983691161	22	Asinibacterium sp.
0.00284983691161	22	Ramlibacter sp.
0.00284983691161	22	Fimbriimonas ginsengisoli
0.00284983691161	22	Aeromonas hydrophila
0.00284983691161	22	Staphylococcus epidermidis
0.00284983691161	22	Sphingomonas sp.
0.00272029887017	21	Rufibacter sp.
0.00272029887017	21	Runella slithyformis
0.00272029887017	21	Acaryochloris
0.00272029887017	21	beta proteobacterium
0.00272029887017	21	Thermosynechococcus sp.
0.00272029887017	21	Fibrella sp.
0.00259076082873	20	Limnothrix rosea
0.00259076082873	20	Rhizobacter sp.
0.00259076082873	20	Fabibacter sp.
0.00259076082873	20	Prosthecobacter debontii
0.00259076082873	20	Rufibacter tibetensis
0.0024612227873	19	Thermosynechococcus elongatus
0.0024612227873	19	Crocinitomix sp.
0.0024612227873	19	Geobacter anodireducens
0.0024612227873	19	Polynucleobacter sp.
0.0024612227873	19	Spirulina subsalsa
0.0024612227873	19	Fibrisoma limi
0.0024612227873	19	Desulfosporosinus sp.
0.0024612227873	19	Acidovorax sp.
0.00233168474586	18	Myxosarcina sp.
0.00233168474586	18	Calothrix
0.00233168474586	18	Pleurocapsa minor
0.00233168474586	18	Sediminibacterium salmoneum
0.00233168474586	18	Oscillatoria nigro-viridis
0.00220214670442	17	Streptomyces sp.
0.00220214670442	17	Pedobacter glucosidilyticus
0.00220214670442	17	Planktothrix serta
0.00220214670442	17	Leptolyngbyaceae
0.00220214670442	17	Algoriphagus mannitolivorans
0.00220214670442	17	Pontibacillus halophilus
0.00220214670442	17	Ramlibacter tataouinensis
0.00220214670442	17	Fabibacter misakiensis
0.00220214670442	17	Acaryochloris sp.
0.00207260866299	16	Cnuella takakiae
0.00207260866299	16	Algoriphagus faecimaris
0.00207260866299	16	Anditalea andensis
0.00207260866299	16	Caulobacteraceae bacterium
0.00207260866299	16	Spirosoma spitsbergense
0.00207260866299	16	Mariniradius saccharolyticus
0.00207260866299	16	filamentous cyanobacterium
0.00207260866299	16	Azohydromonas lata
0.00207260866299	16	Sphingobacteriales bacterium
0.00207260866299	16	Bacillus subtilis
0.00207260866299	16	Solitalea canadensis
0.00207260866299	16	Lentimicrobium saccharophilum
0.00207260866299	16	Niastella vici
0.00207260866299	16	Flavobacteria bacterium
0.00207260866299	16	Flavobacterium terrae
0.00207260866299	16	Paucibacter sp.
0.00194307062155	15	Treponema pedis
0.00194307062155	15	Cyanobacterium aponinum
0.00194307062155	15	Collimonas arenae
0.00194307062155	15	Segetibacter koreensis
0.00194307062155	15	Roseivirga
0.00194307062155	15	Flavobacterium sasangense
0.00194307062155	15	Mitsuaria chitosanitabida
0.00194307062155	15	Paraburkholderia terrae
0.00194307062155	15	Terrimicrobium sacchariphilum
0.00194307062155	15	Belliella pelovolcani
0.00181353258011	14	Algoriphagus marincola
0.00181353258011	14	Flavihumibacter sp.
0.00181353258011	14	Parapedobacter luteus
0.00181353258011	14	Gemmobacter sp.
0.00181353258011	14	Bradyrhizobium sp.
0.00181353258011	14	Desulfonatronovibrio magnus
0.00181353258011	14	Ideonella sakaiensis
0.00181353258011	14	Phormidium sp.
0.00181353258011	14	Phaeodactylibacter xiamenensis
0.00181353258011	14	Rhodonellum psychrophilum
0.00181353258011	14	Flavobacterium cucumis
0.00181353258011	14	Nodosilinea nodulosa
0.00181353258011	14	Lunatimonas lonarensis
0.00181353258011	14	Paenibacillus sp.
0.00181353258011	14	Synechocystis sp. PCC 7509
0.00181353258011	14	Bacteroidales bacterium
0.00168399453868	13	Flavisolibacter ginsengisoli
0.00168399453868	13	Enterococcus faecium
0.00168399453868	13	Flavobacterium indicum
0.00168399453868	13	Algoriphagus antarcticus
0.00168399453868	13	Cytophaga aurantiaca
0.00168399453868	13	Belliella baltica
0.00168399453868	13	Spirosoma aerolatum
0.00168399453868	13	Rubidibacter lacunae
0.00168399453868	13	Persicobacter sp.
0.00168399453868	13	Ilumatobacter coccineus
0.00168399453868	13	Terrimonas ferruginea
0.00168399453868	13	Niastella yeongjuensis
0.00155445649724	12	Duganella sp.
0.00155445649724	12	Dyadobacter psychrophilus
0.00155445649724	12	Algoriphagus terrigena
0.00155445649724	12	Acaryochloris marina
0.00155445649724	12	Flavobacterium frigoris
0.00155445649724	12	Asinibacterium
0.00155445649724	12	Bacilli
0.00155445649724	12	Flavobacterium gelidilacus
0.00155445649724	12	Cytophagales
0.00155445649724	12	Algoriphagus vanfongensis
0.00155445649724	12	Hymenobacter psychrotolerans
0.00155445649724	12	Pedobacter oryzae
0.00155445649724	12	Indibacter alkaliphilus
0.00155445649724	12	Oscillatoriophycideae
0.0014249184558	11	Fibrella aestuarina
0.0014249184558	11	Dyadobacter tibetensis
0.0014249184558	11	Hydrocarboniphaga effusa
0.0014249184558	11	Rhodopseudomonas palustris
0.0014249184558	11	Ignavibacterium album
0.0014249184558	11	Curvibacter sp.
0.0014249184558	11	Flavobacterium suncheonense
0.0014249184558	11	Roseivirga seohaensis
0.0014249184558	11	Aureispira sp.
0.0014249184558	11	Bacillus sp.
0.0014249184558	11	Paenibacillus
0.0014249184558	11	Algoriphagus ratkowskyi
0.0014249184558	11	Aquimarina longa
0.0014249184558	11	Crocinitomix catalasitica
0.0014249184558	11	Dyadobacter beijingensis
0.0014249184558	11	Rubrivivax gelatinosus
0.0014249184558	11	Niastella populi
0.0014249184558	11	Rhizobium sp.
0.0014249184558	11	Methylibium sp.
0.00129538041437	10	Candidatus Marispirochaeta
0.00129538041437	10	Mucilaginibacter lappiensis
0.00129538041437	10	Jejuia pallidilutea
0.00129538041437	10	Alistipes sp.
0.00129538041437	10	Echinicola vietnamensis
0.00129538041437	10	Flavobacteriaceae bacterium
0.00129538041437	10	Bosea sp.
0.00129538041437	10	Flavihumibacter solisilvae
0.00129538041437	10	Flavobacterium haoranii
0.00129538041437	10	Mesorhizobium sp.
0.00129538041437	10	Pontibacter akesuensis
0.00129538041437	10	Loktanella sp.
0.00129538041437	10	Bacillus
0.00129538041437	10	Niabella soli
0.00129538041437	10	Polaromonas sp.
0.00129538041437	10	Saprospira grandis
0.00129538041437	10	Hugenholtzia roseola
0.00129538041437	10	Chlorobium chlorochromatii
0.00129538041437	10	Sediminicola sp.
0.00129538041437	10	Mycobacterium sp.
0.00129538041437	10	Archangium sp.
0.00129538041437	10	Flavobacterium segetis
0.00129538041437	10	Flavobacterium fluvii
0.00116584237293	9	Arthrospira sp.
0.00116584237293	9	Flavobacterium micromati
0.00116584237293	9	Pelomonas puraquae
0.00116584237293	9	Nitrosomonas sp.
0.00116584237293	9	Pseudorhodobacter psychrotolerans
0.00116584237293	9	Phormidium
0.00116584237293	9	Pontibacter actiniarum
0.00116584237293	9	Arenibacter
0.00116584237293	9	Leadbetterella sp.
0.00116584237293	9	Lyngbya aestuarii
0.00116584237293	9	Chitinophaga sancti
0.00116584237293	9	Aequorivita viscosa
0.00116584237293	9	Desulfitobacterium dichloroeliminans
0.00116584237293	9	Algoriphagus machipongonensis
0.00116584237293	9	Aeromonas
0.00116584237293	9	Chitinophaga niabensis
0.00116584237293	9	Rhodospirillales bacterium
0.00116584237293	9	Pedobacter steynii
0.00116584237293	9	Paraprevotella xylaniphila
0.00116584237293	9	Synechococcus elongatus
0.00116584237293	9	Cyclobacterium lianum
0.00116584237293	9	Lacunisphaera limnophila
0.00116584237293	9	Hymenobacter aerophilus
0.00116584237293	9	Hymenobacter sedentarius
0.00116584237293	9	Cyanobacterium sp.
0.00116584237293	9	Wolbachia endosymbiont
0.00116584237293	9	Spirosoma panaciterrae
0.00116584237293	9	Ideonella sp.
0.00116584237293	9	Afifella pfennigii
0.00116584237293	9	Rhodohalobacter halophilus
0.00116584237293	9	Schleiferia thermophila
0.00116584237293	9	Filimonas lacunae
0.00103630433149	8	Aeromonas sp.
0.00103630433149	8	Paenarthrobacter nicotinovorans
0.00103630433149	8	Comamonadaceae bacterium
0.00103630433149	8	Aquincola tertiaricarbonis
0.00103630433149	8	Flavobacterium enshiense
0.00103630433149	8	Pedobacter panaciterrae
0.00103630433149	8	Salinivirga cyanobacteriivorans
0.00103630433149	8	Rhodobacter sp.
0.00103630433149	8	Flavihumibacter petaseus
0.00103630433149	8	Flavobacterium antarcticum
0.00103630433149	8	Komagataeibacter rhaeticus
0.00103630433149	8	Mycobacterium elephantis
0.00103630433149	8	Chitinophaga ginsengisegetis
0.00103630433149	8	Plesiocystis pacifica
0.00103630433149	8	Flavobacterium limnosediminis
0.00103630433149	8	Rhodovulum sulfidophilum
0.00103630433149	8	Chthoniobacter flavus
0.00103630433149	8	Flavobacterium fryxellicola
0.00103630433149	8	Sphingomonadales bacterium
0.00103630433149	8	Chlorobium phaeobacteroides
0.00103630433149	8	Thermonema rossianum
0.00103630433149	8	Flexibacter sp. ATCC 35208
0.00103630433149	8	Flavobacterium johnsoniae
0.00103630433149	8	Rubrivivax benzoatilyticus
0.00103630433149	8	Terrabacter sp.
0.000906766290056	7	Candidatus Paracaedibacter
0.000906766290056	7	Owenweeksia hongkongensis
0.000906766290056	7	Flavobacterium crassostreae
0.000906766290056	7	Bacteroides sp.
0.000906766290056	7	Niastella koreensis
0.000906766290056	7	Gemmatimonas phototrophica
0.000906766290056	7	Elizabethkingia meningoseptica
0.000906766290056	7	Rhodobacter johrii
0.000906766290056	7	Rubritepida flocculans
0.000906766290056	7	Nitrospira cf.
0.000906766290056	7	unclassified Betaproteobacteria
0.000906766290056	7	Planktothrix paucivesiculata
0.000906766290056	7	Niabella ginsenosidivorans
0.000906766290056	7	Flavobacterium flevense
0.000906766290056	7	Bacteriovorax sp.
0.000906766290056	7	Echinicola pacifica
0.000906766290056	7	Planktothrix mougeotii
0.000906766290056	7	Acidobacteriaceae bacterium
0.000906766290056	7	Chryseobacterium
0.000906766290056	7	Polynucleobacter
0.000906766290056	7	Flavobacterium rivuli
0.000906766290056	7	Oscillatoria sp. PCC 6506
0.000906766290056	7	Emticicia
0.000906766290056	7	Ketogulonicigenium vulgare
0.000906766290056	7	Pelomonas
0.000906766290056	7	Elstera litoralis
0.000906766290056	7	Actinomadura madurae
0.000906766290056	7	Spirosoma rigui
0.000906766290056	7	Salinisphaera shabanensis
0.000906766290056	7	Flavobacterium akiainvivens
0.000906766290056	7	Sediminibacterium
0.000906766290056	7	Algoriphagus halophilus
0.000906766290056	7	Ilumatobacter nonamiensis
0.000906766290056	7	Thiomicrospira pelophila
0.00077722824862	6	Nitrococcus mobilis
0.00077722824862	6	Gemmatimonas aurantiaca
0.00077722824862	6	Flavobacterium xinjiangense
0.00077722824862	6	Marichromatium purpuratum
0.00077722824862	6	Variovorax sp.
0.00077722824862	6	Marinifilum fragile
0.00077722824862	6	Synechococcaceae
0.00077722824862	6	Myroides
0.00077722824862	6	Cellulophaga baltica
0.00077722824862	6	Cloacibacterium normanense
0.00077722824862	6	Rhizobacter
0.00077722824862	6	Aquabacterium sp.
0.00077722824862	6	Magnetospirillum moscoviense
0.00077722824862	6	Pedobacter arcticus
0.00077722824862	6	Algibacter sp.
0.00077722824862	6	Rufibacter roseus
0.00077722824862	6	Flavobacterium soli
0.00077722824862	6	Arachidicoccus sp.
0.00077722824862	6	Mangrovimonas sp.
0.00077722824862	6	Dongia sp.
0.00077722824862	6	Alloscardovia sp.
0.00077722824862	6	Cupriavidus necator
0.00077722824862	6	Hymenobacter terrenus
0.00077722824862	6	Emergencia timonensis
0.00077722824862	6	Aeromonas veronii
0.00077722824862	6	Opitutaceae bacterium
0.00077722824862	6	Nostoc sp. NIES-3756
0.00077722824862	6	Flavobacterium cauense
0.00077722824862	6	Streptomyces
0.00077722824862	6	Pedobacter jeongneungensis
0.00077722824862	6	Tenacibaculum sp.
0.00077722824862	6	Sunxiuqinia dokdonensis
0.00077722824862	6	Pedobacter lusitanus
0.00077722824862	6	Rhodoferax saidenbachensis
0.00077722824862	6	Terrabacteria group
0.00077722824862	6	Mariniphaga anaerophila
0.00077722824862	6	Proteiniphilum saccharofermentans
0.00077722824862	6	Methylomonas methanica
0.00077722824862	6	Candidatus Solibacter
0.00077722824862	6	Pontibacter roseus
0.00077722824862	6	Proteobacteria
0.00077722824862	6	Polynucleobacter yangtzensis
0.00077722824862	6	Rhodobacteraceae bacterium
0.00077722824862	6	Bacillus coagulans
0.00077722824862	6	Pontibacter sp.
0.00077722824862	6	Sphingobacterium spiritivorum
0.00077722824862	6	Enterobacter ludwigii
0.00077722824862	6	Zobellia uliginosa
0.00077722824862	6	Rhodobacter capsulatus
0.00077722824862	6	Opitutus terrae
0.00077722824862	6	Leeuwenhoekiella sp.
0.00077722824862	6	Dyadobacter crusticola
0.00077722824862	6	Gemmobacter megaterium
0.00077722824862	6	Leptothrix cholodnii
0.00077722824862	6	Flavobacterium beibuense
0.00077722824862	6	Thalassospira sp.
0.00077722824862	6	Caldimonas
0.00077722824862	6	Alkalitalea saponilacus
0.00077722824862	6	Spirosoma luteum
0.00077722824862	6	Achromobacter sp.
0.00077722824862	6	Roseateles aquatilis
0.00077722824862	6	Flavobacterium glycines
0.00077722824862	6	Clostridium sp.
0.000647690207183	5	Nocardioides
0.000647690207183	5	Enterobacter cancerogenus
0.000647690207183	5	Bradyrhizobium erythrophlei
0.000647690207183	5	Riemerella anatipestifer
0.000647690207183	5	Coraliomargarita akajimensis
0.000647690207183	5	Burkholderia sp.
0.000647690207183	5	Planctomyces sp.
0.000647690207183	5	Nocardioides sp.
0.000647690207183	5	Polynucleobacter duraquae
0.000647690207183	5	Bacillales
0.000647690207183	5	Azohydromonas australica
0.000647690207183	5	Nitrosococcus watsonii
0.000647690207183	5	Curvibacter gracilis
0.000647690207183	5	Cytophagales bacterium
0.000647690207183	5	Oceanibaculum pacificum
0.000647690207183	5	Apibacter mensalis
0.000647690207183	5	Alishewanella
0.000647690207183	5	Azospirillum halopraeferens
0.000647690207183	5	Schlesneria paludicola
0.000647690207183	5	Paraburkholderia kururiensis
0.000647690207183	5	Pelagibacteraceae bacterium
0.000647690207183	5	Dokdonella koreensis
0.000647690207183	5	Burkholderiales bacterium
0.000647690207183	5	Anaerophaga thermohalophila
0.000647690207183	5	Siansivirga zeaxanthinifaciens
0.000647690207183	5	Thermophagus xiamenensis
0.000647690207183	5	Hymenobacter swuensis
0.000647690207183	5	Rhodomicrobium vannielii
0.000647690207183	5	Roseateles depolymerans
0.000647690207183	5	Elioraea tepidiphila
0.000647690207183	5	Asticcacaulis sp.
0.000647690207183	5	Winogradskyella sp.
0.000647690207183	5	Aquabacterium parvum
0.000647690207183	5	Cyclobacterium marinum
0.000647690207183	5	Gracilimonas tropica
0.000647690207183	5	Melioribacter roseus
0.000647690207183	5	Hymenobacter roseosalivarius
0.000647690207183	5	Flammeovirga pacifica
0.000647690207183	5	Verrucomicrobia bacterium
0.000647690207183	5	Sandaracinus amylolyticus
0.000647690207183	5	Achromobacter xylosoxidans
0.000647690207183	5	Rhodocista sp.
0.000647690207183	5	Prosthecochloris sp.
0.000647690207183	5	Paracoccus sp.
0.000647690207183	5	Rhodospirillum rubrum
0.000647690207183	5	Robiginitalea biformata
0.000647690207183	5	Sinorhizobium meliloti
0.000647690207183	5	Vibrio sp.
0.000647690207183	5	Pedobacter luteus
0.000647690207183	5	Methylophilales bacterium
0.000647690207183	5	Flavobacterium denitrificans
0.000647690207183	5	Curvibacter delicatus
0.000647690207183	5	Methylomonas lenta
0.000647690207183	5	Olivibacter sitiensis
0.000647690207183	5	Lewinella persica
0.000647690207183	5	Polaribacter sp.
0.000647690207183	5	Acidiferrobacter thiooxydans
0.000647690207183	5	gamma proteobacterium
0.000647690207183	5	Flavobacterium seoulense
0.000647690207183	5	Nitrosospira briensis
0.000647690207183	5	Candidatus Kryptonium
0.000647690207183	5	Algoriphagus resistens
0.000647690207183	5	Pseudohongiella acticola
0.000647690207183	5	Hymenobacter norwichensis
0.000647690207183	5	Dyadobacter alkalitolerans
0.000647690207183	5	Geobacter soli
0.000647690207183	5	Thioclava sp.
0.000647690207183	5	Solirubrum puertoriconensis
0.000647690207183	5	Cyclobacterium amurskyense
0.000647690207183	5	Mycobacterium fortuitum
0.000647690207183	5	Salegentibacter sp.
0.000647690207183	5	Bernardetia litoralis
0.000647690207183	5	Cyclobacterium qasimii
0.000518152165747	4	Pleurocapsales
0.000518152165747	4	Chitinophaga jiangningensis
0.000518152165747	4	Alloprevotella tannerae
0.000518152165747	4	Aliifodinibius roseus
0.000518152165747	4	Campylobacter coli
0.000518152165747	4	Spongiibacter sp.
0.000518152165747	4	Roseateles terrae
0.000518152165747	4	Magnetospirillum sp.
0.000518152165747	4	Chlamydia
0.000518152165747	4	Sphingobacterium deserti
0.000518152165747	4	Legionella longbeachae
0.000518152165747	4	Acetobacteraceae bacterium
0.000518152165747	4	Polaromonas jejuensis
0.000518152165747	4	Spirosoma sp.
0.000518152165747	4	Mitsuaria sp.
0.000518152165747	4	Collinsella sp.
0.000518152165747	4	Nevskia ramosa
0.000518152165747	4	Mycobacterium tuberculosis
0.000518152165747	4	Lysobacter sp.
0.000518152165747	4	Aquimarina megaterium
0.000518152165747	4	Mucilaginibacter polytrichastri
0.000518152165747	4	Methylomonas
0.000518152165747	4	Polynucleobacter sinensis
0.000518152165747	4	Luteipulveratus halotolerans
0.000518152165747	4	Gramella echinicola
0.000518152165747	4	Myroides odoratus
0.000518152165747	4	Francisella philomiragia
0.000518152165747	4	Sulfurospirillum sp.
0.000518152165747	4	Methylomicrobium alcaliphilum
0.000518152165747	4	Blastopirellula marina
0.000518152165747	4	Candidatus Atelocyanobacterium
0.000518152165747	4	Haloferula sp.
0.000518152165747	4	Herbaspirillum sp.
0.000518152165747	4	Pedobacter kyungheensis
0.000518152165747	4	Hyphomicrobium sp.
0.000518152165747	4	Enterobacter muelleri
0.000518152165747	4	Phycisphaera mikurensis
0.000518152165747	4	Stigmatella aurantiaca
0.000518152165747	4	Empedobacter brevis
0.000518152165747	4	Serratia marcescens
0.000518152165747	4	Gillisia sp.
0.000518152165747	4	Ferrovum sp.
0.000518152165747	4	Lewinella cohaerens
0.000518152165747	4	Nitrospirillum amazonense
0.000518152165747	4	Candidatus Brocadia
0.000518152165747	4	Acidovorax delafieldii
0.000518152165747	4	Aquimarina macrocephali
0.000518152165747	4	Acidithrix ferrooxidans
0.000518152165747	4	Colwellia sp.
0.000518152165747	4	Paludisphaera borealis
0.000518152165747	4	Niabella aurantiaca
0.000518152165747	4	Vitellibacter aquimaris
0.000518152165747	4	Pseudomonas fluorescens
0.000518152165747	4	Bacillaceae
0.000518152165747	4	Capnocytophaga canimorsus
0.000518152165747	4	Flavobacterium chilense
0.000518152165747	4	Muricauda lutaonensis
0.000518152165747	4	Longilinea arvoryzae
0.000518152165747	4	Chitinophaga eiseniae
0.000518152165747	4	endosymbiont of
0.000518152165747	4	Thermoflexus hugenholtzii
0.000518152165747	4	Porphyromonas sp.
0.000518152165747	4	Sphaerotilus natans
0.000518152165747	4	Pseudorhodobacter antarcticus
0.000518152165747	4	Synechocystis
0.000518152165747	4	Roseomonas sp.
0.000518152165747	4	cyanobacterium endosymbiont
0.000518152165747	4	Nostoc sp. T09
0.000518152165747	4	Thermogemmatispora onikobensis
0.000518152165747	4	Flavobacterium saliperosum
0.000518152165747	4	Azospirillum lipoferum
0.000518152165747	4	Azospirillum humicireducens
0.000518152165747	4	Candidatus Glomeribacter
0.000518152165747	4	Rickettsia canadensis
0.000518152165747	4	Tistlia consotensis
0.000518152165747	4	Arcticibacter svalbardensis
0.000518152165747	4	Lautropia mirabilis
0.000518152165747	4	Rhodoferax fermentans
0.000518152165747	4	Dysgonomonas sp.
0.000518152165747	4	Hymenobacter daecheongensis
0.000518152165747	4	Bacillus pumilus
0.000518152165747	4	Bryobacter aggregatus
0.000518152165747	4	Burkholderiaceae
0.000518152165747	4	Cellulophaga sp.
0.000518152165747	4	Kaistia granuli
0.000518152165747	4	Pedobacter nyackensis
0.000518152165747	4	Fimbriiglobus ruber
0.000518152165747	4	Enhydrobacter aerosaccus
0.000518152165747	4	Defluviimonas alba
0.000518152165747	4	Labilibacter marinus
0.000518152165747	4	Psychroflexus torquis
0.000518152165747	4	Pseudomonas
0.000518152165747	4	Azospirillum brasilense
0.000518152165747	4	Neptunomonas antarctica
0.000518152165747	4	Methylibium
0.000518152165747	4	Capnocytophaga sp.
0.000518152165747	4	Mesoflavibacter zeaxanthinifaciens
0.000518152165747	4	Methylomonas sp.
0.000518152165747	4	Dyadobacter fermentans
0.000518152165747	4	Leptonema illini
0.000518152165747	4	Flavobacterium gilvum
0.000518152165747	4	Capnocytophaga canis
0.000518152165747	4	Cephaloticoccus primus
0.000518152165747	4	Flavobacterium granuli
0.00038861412431	3	Salegentibacter salarius
0.00038861412431	3	Thiomonas
0.00038861412431	3	Neorickettsia helminthoeca
0.00038861412431	3	Rhizobiales bacterium
0.00038861412431	3	Nonlabens dokdonensis
0.00038861412431	3	Novosphingobium sp.
0.00038861412431	3	Halotalea alkalilenta
0.00038861412431	3	Pirellula staleyi
0.00038861412431	3	Magnetovibrio blakemorei
0.00038861412431	3	Chitinophaga pinensis
0.00038861412431	3	Phaeospirillum fulvum
0.00038861412431	3	Novispirillum itersonii
0.00038861412431	3	Elizabethkingia genomosp.
0.00038861412431	3	Archangium gephyra
0.00038861412431	3	Cylindrospermopsis sp. CR12
0.00038861412431	3	Syntrophomonas wolfei
0.00038861412431	3	Methylobacterium sp.
0.00038861412431	3	Hoeflea sp.
0.00038861412431	3	Leptospira alstonii
0.00038861412431	3	Muricauda
0.00038861412431	3	Alistipes indistinctus
0.00038861412431	3	Formosa sp.
0.00038861412431	3	Muricauda sp.
0.00038861412431	3	Chloroflexus islandicus
0.00038861412431	3	Janthinobacterium sp.
0.00038861412431	3	Magnetospirillum marisnigri
0.00038861412431	3	Mediterranea massiliensis
0.00038861412431	3	Azoarcus sp.
0.00038861412431	3	Saccharophagus degradans
0.00038861412431	3	Microbacterium laevaniformans
0.00038861412431	3	Methylobrevis pamukkalensis
0.00038861412431	3	Aliivibrio fischeri
0.00038861412431	3	Trichormus sp. NMC-1
0.00038861412431	3	Bizionia sp.
0.00038861412431	3	Methylotenera
0.00038861412431	3	Methylovorus
0.00038861412431	3	Pseudorhodobacter ferrugineus
0.00038861412431	3	Lysinibacillus sphaericus
0.00038861412431	3	Burkholderiales Genera
0.00038861412431	3	Odoribacter splanchnicus
0.00038861412431	3	Francisella tularensis
0.00038861412431	3	Pseudoxanthobacter soli
0.00038861412431	3	Alkalilimnicola ehrlichii
0.00038861412431	3	Tistrella mobilis
0.00038861412431	3	Herbidospora cretacea
0.00038861412431	3	Lachnospiraceae bacterium
0.00038861412431	3	Acinetobacter sp.
0.00038861412431	3	Intestinimonas massiliensis
0.00038861412431	3	Magnetospirillum gryphiswaldense
0.00038861412431	3	Agromyces sp.
0.00038861412431	3	Winogradskyella jejuensis
0.00038861412431	3	Pontibacter korlensis
0.00038861412431	3	Arenibacter nanhaiticus
0.00038861412431	3	Rhizobium leguminosarum
0.00038861412431	3	Bacteroides intestinalis
0.00038861412431	3	Fibrobacter sp.
0.00038861412431	3	Levilinea saccharolytica
0.00038861412431	3	Acidihalobacter prosperus
0.00038861412431	3	Maribacter sp.
0.00038861412431	3	Sphingobacterium thalpophilum
0.00038861412431	3	Lysobacter gummosus
0.00038861412431	3	Gimesia maris
0.00038861412431	3	Gemmobacter nectariphilus
0.00038861412431	3	Marinobacter hydrocarbonoclasticus
0.00038861412431	3	Frankia
0.00038861412431	3	Algoriphagus zhangzhouensis
0.00038861412431	3	Singulisphaera sp.
0.00038861412431	3	Pseudoalteromonas
0.00038861412431	3	Pontibacter lucknowensis
0.00038861412431	3	Rhodovulum sp.
0.00038861412431	3	Ulvibacter sp.
0.00038861412431	3	Oleiphilus sp.
0.00038861412431	3	Variovorax paradoxus
0.00038861412431	3	Nonlabens spongiae
0.00038861412431	3	Silanimonas lenta
0.00038861412431	3	Capnocytophaga haemolytica
0.00038861412431	3	Sphingopyxis sp.
0.00038861412431	3	Sulfuricurvum kujiense
0.00038861412431	3	Rickettsia bellii
0.00038861412431	3	Rhodobacteraceae
0.00038861412431	3	Flavobacterium frigidarium
0.00038861412431	3	Cyanobium
0.00038861412431	3	Nitrosospira multiformis
0.00038861412431	3	Thermithiobacillus tepidarius
0.00038861412431	3	Legionella lansingensis
0.00038861412431	3	Wenyingzhuangia fucanilytica
0.00038861412431	3	Arenibacter palladensis
0.00038861412431	3	Flavobacterium piscis
0.00038861412431	3	Clostridium botulinum
0.00038861412431	3	Pedobacter africanus
0.00038861412431	3	Lentisphaera araneosa
0.00038861412431	3	Loktanella vestfoldensis
0.00038861412431	3	Candidatus Kryptobacter
0.00038861412431	3	Thioflexothrix psekupsii
0.00038861412431	3	Steroidobacter denitrificans
0.00038861412431	3	Mesonia mobilis
0.00038861412431	3	Pseudozobellia thermophila
0.00038861412431	3	Flavobacterium daejeonense
0.00038861412431	3	Woeseia oceani
0.00038861412431	3	Weeksella sp.
0.00038861412431	3	Candidatus Filomicrobium
0.00038861412431	3	Comamonas terrae
0.00038861412431	3	Massilia sp.
0.00038861412431	3	Verminephrobacter eiseniae
0.00038861412431	3	Mucilaginibacter paludis
0.00038861412431	3	Xanthomarina gelatinilytica
0.00038861412431	3	Myroides marinus
0.00038861412431	3	Caldithrix abyssi
0.00038861412431	3	Acholeplasma laidlawii
0.00038861412431	3	Nitratiruptor tergarcus
0.00038861412431	3	Sorangium cellulosum
0.00038861412431	3	Azorhizobium caulinodans
0.00038861412431	3	Methylovorus sp.
0.00038861412431	3	Verrucomicrobium sp.
0.00038861412431	3	Pontibacillus marinus
0.00038861412431	3	Halolactibacillus sp.
0.00038861412431	3	Prevotella bryantii
0.00038861412431	3	Joostella marina
0.00038861412431	3	Sandarakinorhabdus sp.
0.00038861412431	3	Rhodothermaceae bacterium
0.00038861412431	3	Wenyingzhuangia marina
0.00038861412431	3	Belnapia moabensis
0.00038861412431	3	Leptolyngbya sp. JSC-1
0.00038861412431	3	Aequorivita sublithincola
0.00038861412431	3	Croceibacter atlanticus
0.00038861412431	3	Parvibaculum lavamentivorans
0.00038861412431	3	Variovorax boronicumulans
0.00038861412431	3	Hydrogenibacillus schlegelii
0.00038861412431	3	Balneola sp.
0.00038861412431	3	Dysgonomonas mossii
0.00038861412431	3	Cystobacter ferrugineus
0.00038861412431	3	Coxiella burnetii
0.00038861412431	3	Mesonia phycicola
0.00038861412431	3	Sphingobium sp.
0.00038861412431	3	Idiomarina sp.
0.00038861412431	3	Draconibacterium orientale
0.00038861412431	3	Oceanibaculum indicum
0.00038861412431	3	Methylobacillus sp.
0.00038861412431	3	Tepidicaulis marinus
0.00038861412431	3	Methylomonas koyamae
0.00038861412431	3	Azonexus hydrophilus
0.00038861412431	3	Caedibacter varicaedens
0.00038861412431	3	Rhodobacter sphaeroides
0.00038861412431	3	Psychrobacter sp.
0.00038861412431	3	Pantoea agglomerans
0.00038861412431	3	Cellvibrionaceae bacterium
0.00038861412431	3	Desulfomonile tiedjei
0.00038861412431	3	Dokdonia sp.
0.00038861412431	3	Granulibacter bethesdensis
0.00038861412431	3	Alcanivorax sp.
0.00038861412431	3	Caldimonas taiwanensis
0.00038861412431	3	Marinicella sp.
0.00038861412431	3	Noviherbaspirillum autotrophicum
0.00038861412431	3	Desulfocapsa sulfexigens
0.00038861412431	3	Fuerstia marisgermanicae
0.00038861412431	3	Prolixibacter bellariivorans
0.00038861412431	3	Geofilum rubicundum
0.00038861412431	3	Pedobacter cryoconitis
0.00038861412431	3	Ruminococcus albus
0.00038861412431	3	Prevotella bivia
0.00038861412431	3	Tannerella forsythia
0.00038861412431	3	Nocardia cyriacigeorgica
0.00038861412431	3	Verrucomicrobium spinosum
0.00038861412431	3	Aquimarina spongiae
0.00038861412431	3	Shinella sp.
0.00038861412431	3	Nitritalea halalkaliphila
0.000259076082873	2	Moraxella bovoculi
0.000259076082873	2	Rhodothermus marinus
0.000259076082873	2	Mycobacterium kansasii
0.000259076082873	2	Arenibacter troitsensis
0.000259076082873	2	Odoribacter laneus
0.000259076082873	2	Bergeyella zoohelcum
0.000259076082873	2	Myxococcus fulvus
0.000259076082873	2	Thiomonas intermedia
0.000259076082873	2	Gramella flava
0.000259076082873	2	Legionella adelaidensis
0.000259076082873	2	Rhodospirillum centenum
0.000259076082873	2	Lyngbya
0.000259076082873	2	Thioploca ingrica
0.000259076082873	2	Thiomonas sp.
0.000259076082873	2	Labrenzia alexandrii
0.000259076082873	2	Pseudorhodobacter aquimaris
0.000259076082873	2	Novosphingobium naphthalenivorans
0.000259076082873	2	Mycobacterium tusciae
0.000259076082873	2	Pleomorphomonas koreensis
0.000259076082873	2	Nevskia soli
0.000259076082873	2	Rheinheimera nanhaiensis
0.000259076082873	2	Nocardia sp.
0.000259076082873	2	Butyricimonas sp.
0.000259076082873	2	Cellulophaga
0.000259076082873	2	Burkholderia mallei
0.000259076082873	2	Bdellovibrio exovorus
0.000259076082873	2	Aerococcus suis
0.000259076082873	2	Aquimarina pacifica
0.000259076082873	2	Caballeronia udeis
0.000259076082873	2	Chryseobacterium caeni
0.000259076082873	2	Myroides injenensis
0.000259076082873	2	Flavobacterium hibernum
0.000259076082873	2	Pontibacter
0.000259076082873	2	Sulfurovum lithotrophicum
0.000259076082873	2	Chlamydia sp.
0.000259076082873	2	Burkholderia cenocepacia
0.000259076082873	2	Idiomarinaceae bacterium
0.000259076082873	2	Sphingobium chungbukense
0.000259076082873	2	Aminobacter aminovorans
0.000259076082873	2	Amorphus coralli
0.000259076082873	2	Desulfocarbo indianensis
0.000259076082873	2	Riemerella columbina
0.000259076082873	2	Phaeobacter gallaeciensis
0.000259076082873	2	Hylemonella gracilis
0.000259076082873	2	Veillonella parvula
0.000259076082873	2	Porphyrobacter sp.
0.000259076082873	2	Thermogemmatispora carboxidivorans
0.000259076082873	2	Nitrospira sp.
0.000259076082873	2	Rhizobium etli
0.000259076082873	2	Sulfurospirillum cavolei
0.000259076082873	2	Rikenella microfusus
0.000259076082873	2	Phycicoccus sp.
0.000259076082873	2	Parabacteroides sp.
0.000259076082873	2	Bosea vaviloviae
0.000259076082873	2	Methylobacter tundripaludum
0.000259076082873	2	Bermanella marisrubri
0.000259076082873	2	Ruminococcus sp.
0.000259076082873	2	Gulbenkiania indica
0.000259076082873	2	Magnetospirillum caucaseum
0.000259076082873	2	Gluconobacter thailandicus
0.000259076082873	2	Culturomica massiliensis
0.000259076082873	2	Caldicoprobacter oshimai
0.000259076082873	2	Pantoea sp.
0.000259076082873	2	Alcanivorax hongdengensis
0.000259076082873	2	Pelodictyon luteolum
0.000259076082873	2	Corallococcus coralloides
0.000259076082873	2	Kamptonema formosum
0.000259076082873	2	Psychroflexus gondwanensis
0.000259076082873	2	Azospirillum oryzae
0.000259076082873	2	Caulobacter vibrioides
0.000259076082873	2	Moorea
0.000259076082873	2	Desulfonatronum thiodismutans
0.000259076082873	2	Chryseobacterium formosense
0.000259076082873	2	Rhodanobacter
0.000259076082873	2	Microbacterium hydrocarbonoxydans
0.000259076082873	2	Brevefilum fermentans
0.000259076082873	2	Methylobacterium extorquens
0.000259076082873	2	Oceanococcus atlanticus
0.000259076082873	2	Burkholderia territorii
0.000259076082873	2	Syntrophorhabdus aromaticivorans
0.000259076082873	2	Halobacteriovorax marinus
0.000259076082873	2	Gilvibacter sp.
0.000259076082873	2	Oleiphilus messinensis
0.000259076082873	2	Rhodospirillaceae bacterium
0.000259076082873	2	Asticcacaulis benevestitus
0.000259076082873	2	Fictibacillus sp.
0.000259076082873	2	Alteromonas macleodii
0.000259076082873	2	Reyranella massiliensis
0.000259076082873	2	Turneriella parva
0.000259076082873	2	Pandoraea thiooxydans
0.000259076082873	2	Paraburkholderia fungorum
0.000259076082873	2	Thiohalorhabdus denitrificans
0.000259076082873	2	Flagellimonas eckloniae
0.000259076082873	2	Azospira oryzae
0.000259076082873	2	Limnohabitans
0.000259076082873	2	Sphingomonas adhaesiva
0.000259076082873	2	Methylocystis sp.
0.000259076082873	2	Butyricimonas
0.000259076082873	2	Pontibacillus
0.000259076082873	2	Methylibium petroleiphilum
0.000259076082873	2	Pandoraea
0.000259076082873	2	Marinobacter nanhaiticus
0.000259076082873	2	Achromobacter
0.000259076082873	2	Hydrogenophaga taeniospiralis
0.000259076082873	2	Pedobacter agri
0.000259076082873	2	Leptospirillum ferriphilum
0.000259076082873	2	Lascolabacillus massiliensis
0.000259076082873	2	Skermanella aerolata
0.000259076082873	2	Alkaliflexus imshenetskii
0.000259076082873	2	Bordetella genomosp.
0.000259076082873	2	Rufibacter ruber
0.000259076082873	2	Mycobacterium gilvum
0.000259076082873	2	Mobilicoccus sp.
0.000259076082873	2	Thermopetrobacter sp.
0.000259076082873	2	Bacteroides
0.000259076082873	2	Lutibacter profundi
0.000259076082873	2	Azorhizobium doebereinerae
0.000259076082873	2	Nitrolancea hollandica
0.000259076082873	2	Rubripirellula obstinata
0.000259076082873	2	Desulfuribacillus stibiiarsenatis
0.000259076082873	2	Tenacibaculum maritimum
0.000259076082873	2	Knoellia subterranea
0.000259076082873	2	Ruegeria halocynthiae
0.000259076082873	2	Arenibacter sp.
0.000259076082873	2	Terracidiphilus gabretensis
0.000259076082873	2	Bacteroides coprosuis
0.000259076082873	2	Thauera sp.
0.000259076082873	2	Streptomyces nanshensis
0.000259076082873	2	Haematobacter genomosp.
0.000259076082873	2	Ferrithrix thermotolerans
0.000259076082873	2	Hymenobacter gelipurpurascens
0.000259076082873	2	Methylocaldum sp.
0.000259076082873	2	Weeksella virosa
0.000259076082873	2	Chryseobacterium chaponense
0.000259076082873	2	Devosia sp.
0.000259076082873	2	Kordiimonas gwangyangensis
0.000259076082873	2	Thalassospira lucentensis
0.000259076082873	2	Salinibacter ruber
0.000259076082873	2	Leptolinea tardivitalis
0.000259076082873	2	Geobacter sp.
0.000259076082873	2	Blastochloris viridis
0.000259076082873	2	Kiritimatiella glycovorans
0.000259076082873	2	Polaribacter vadi
0.000259076082873	2	Hellea balneolensis
0.000259076082873	2	Ralstonia solanacearum
0.000259076082873	2	Salisaeta longa
0.000259076082873	2	Paenibacillus rhizosphaerae
0.000259076082873	2	Nocardia otitidiscaviarum
0.000259076082873	2	Candidatus Xiphinematobacter
0.000259076082873	2	Dysgonomonas gadei
0.000259076082873	2	Desulfacinum infernum
0.000259076082873	2	Gallibacterium salpingitidis
0.000259076082873	2	Bradyrhizobium
0.000259076082873	2	Acidocella
0.000259076082873	2	Solimonas variicoloris
0.000259076082873	2	Treponema succinifaciens
0.000259076082873	2	Acidovorax
0.000259076082873	2	Flavobacterium reichenbachii
0.000259076082873	2	Vulgatibacter incomptus
0.000259076082873	2	Flaviramulus ichthyoenteri
0.000259076082873	2	Bathymodiolus platifrons
0.000259076082873	2	Helicobacter bilis
0.000259076082873	2	Prevotella buccae
0.000259076082873	2	Pontibacter indicus
0.000259076082873	2	Anaerostipes sp.
0.000259076082873	2	Thermodesulfovibrio thiophilus
0.000259076082873	2	Nesiotobacter exalbescens
0.000259076082873	2	Roseibacterium elongatum
0.000259076082873	2	Thermicanus aegyptius
0.000259076082873	2	Dokdonia donghaensis
0.000259076082873	2	Oceanobacillus timonensis
0.000259076082873	2	Bellilinea caldifistulae
0.000259076082873	2	Rhodopseudomonas sp.
0.000259076082873	2	Muricauda antarctica
0.000259076082873	2	Enterococcus
0.000259076082873	2	Cellulophaga lytica
0.000259076082873	2	Nitrosomonas eutropha
0.000259076082873	2	Solemya velum
0.000259076082873	2	Terasakiella pusilla
0.000259076082873	2	Sideroxydans lithotrophicus
0.000259076082873	2	Halomonas cupida
0.000259076082873	2	Maritalea myrionectae
0.000259076082873	2	Asticcacaulis excentricus
0.000259076082873	2	Chryseobacterium limigenitum
0.000259076082873	2	Pigmentiphaga sp.
0.000259076082873	2	Gramella sp.
0.000259076082873	2	Ahrensia sp.
0.000259076082873	2	Simkania negevensis
0.000259076082873	2	Pseudoclavibacter alba
0.000259076082873	2	Synechococcus sp. CB0101
0.000259076082873	2	Planctopirus limnophila
0.000259076082873	2	Chryseobacterium shigense
0.000259076082873	2	Actibacterium mucosum
0.000259076082873	2	Parachlamydiaceae bacterium
0.000259076082873	2	Zhouia amylolytica
0.000259076082873	2	Acidisphaera rubrifaciens
0.000259076082873	2	Hydrogenobacter thermophilus
0.000259076082873	2	Methylophilus
0.000259076082873	2	Roseomonas rosea
0.000259076082873	2	Sphingomonas
0.000259076082873	2	Bacillus simplex
0.000259076082873	2	Roseovarius sp.
0.000259076082873	2	Mediterranea sp.
0.000259076082873	2	Thiobacillus thioparus
0.000259076082873	2	Lutibacter sp.
0.000259076082873	2	Bacteroides vulgatus
0.000259076082873	2	Aminobacter sp.
0.000259076082873	2	Microbacterium sp.
0.000259076082873	2	Planktomarina temperata
0.000259076082873	2	Clostridium kluyveri
0.000259076082873	2	Bordetella bronchiseptica
0.000259076082873	2	Lamprocystis purpurea
0.000259076082873	2	Pseudorhodobacter wandonensis
0.000259076082873	2	Chryseobacterium indologenes
0.000259076082873	2	Microbulbifer
0.000259076082873	2	Paenibacillus selenitireducens
0.000259076082873	2	Gemmata obscuriglobus
0.000259076082873	2	Citreicella sp.
0.000259076082873	2	Pseudohongiella spirulinae
0.000259076082873	2	Rickettsia akari
0.000259076082873	2	Bacillus campisalis
0.000259076082873	2	Ochrobactrum anthropi
0.000259076082873	2	Hydrogenophaga pseudoflava
0.000259076082873	2	Yonghaparkia
0.000259076082873	2	Salinivibrio costicola
0.000259076082873	2	Aquimarina sp.
0.000259076082873	2	Streptomyces thermoautotrophicus
0.000259076082873	2	Arcobacter sp.
0.000259076082873	2	Oceanibaculum sp.
0.000259076082873	2	Candidatus Protochlamydia
0.000259076082873	2	Limnobacter sp.
0.000259076082873	2	Halomonas subglaciescola
0.000259076082873	2	Pannonibacter phragmitetus
0.000259076082873	2	Leeuwenhoekiella marinoflava
0.000259076082873	2	Mariniblastus fucicola
0.000259076082873	2	Parabacteroides chartae
0.000259076082873	2	Nitrosomonas cryotolerans
0.000259076082873	2	Petrimonas mucosa
0.000259076082873	2	Marinitoga hydrogenitolerans
0.000259076082873	2	Blattabacterium punctulatus
0.000259076082873	2	Dyadobacter sp.
0.000259076082873	2	Rheinheimera mesophila
0.000259076082873	2	Desulfobacter curvatus
0.000259076082873	2	Ruminococcus gnavus
0.000259076082873	2	Methylobacterium aquaticum
0.000259076082873	2	Aeromonas schubertii
0.000259076082873	2	Streptomyces rimosus
0.000259076082873	2	Thioalkalivibrio sp.
0.000259076082873	2	Melaminivora alkalimesophila
0.000259076082873	2	Inquilinus limosus
0.000259076082873	2	Thiobacillus denitrificans
0.000259076082873	2	Aeromonas simiae
0.000259076082873	2	Leeuwenhoekiella palythoae
0.000259076082873	2	Delftia tsuruhatensis
0.000259076082873	2	Corynebacterium variabile
0.000259076082873	2	Acidithiobacillus ferrivorans
0.000259076082873	2	Methylocystis rosea
0.000259076082873	2	Cellulomonas sp.
0.000259076082873	2	Nitrosomonas communis
0.000259076082873	2	Halofilum ochraceum
0.000259076082873	2	Desulfuromonas sp.
0.000259076082873	2	Gelidibacter algens
0.000259076082873	2	Elizabethkingia miricola
0.000259076082873	2	Nitratireductor indicus
0.000259076082873	2	Pectobacterium carotovorum
0.000259076082873	2	Cupriavidus sp.
0.000259076082873	2	Imhoffiella purpurea
0.000259076082873	2	Flavobacterium spartansii
0.000259076082873	2	Chlorobium ferrooxidans
0.000259076082873	2	Nostoc sp. PCC 7524
0.000259076082873	2	Geofilum sp.
0.000259076082873	2	Rickettsia sp.
0.000259076082873	2	Pseudacidovorax intermedius
0.000259076082873	2	Calothrix sp. 3363
0.000259076082873	2	Actinoplanes subtropicus
0.000259076082873	2	Rudaea cellulosilytica
0.000259076082873	2	Labrenzia alba
0.000259076082873	2	Sphingobacteriaceae bacterium
0.000259076082873	2	Carboxydocella sporoproducens
0.000259076082873	2	Alteromonas
0.000259076082873	2	Gaetbulibacter saemankumensis
0.000259076082873	2	Halomonas desiderata
0.000259076082873	2	Henriciella sp.
0.000259076082873	2	Varibaculum cambriense
0.000259076082873	2	Skermanella stibiiresistens
0.000259076082873	2	Mucilaginibacter pedocola
0.000259076082873	2	Polyangium brachysporum
0.000259076082873	2	Thalassotalea sp.
0.000259076082873	2	Phenylobacterium
0.000259076082873	2	Caenimonas sp.
0.000259076082873	2	Labilibacter aurantiacus
0.000259076082873	2	Terasakiella sp.
0.000259076082873	2	Acetobacter aceti
0.000259076082873	2	Rhodobaca barguzinensis
0.000259076082873	2	Flavobacterium defluvii
0.000259076082873	2	Lysobacter antibioticus
0.000259076082873	2	Candidatus Amoebophilus
0.000259076082873	2	Arcticibacter eurypsychrophilus
0.000259076082873	2	Desulfarculus baarsii
0.000259076082873	2	Weeksella
0.000259076082873	2	Methylobacter
0.000259076082873	2	Rhizobium gallicum
0.000259076082873	2	Aureimonas altamirensis
0.000259076082873	2	Sphingobium chlorophenolicum
0.000259076082873	2	Bathymodiolus thermophilus
0.000259076082873	2	Nonomuraea sp.
0.000259076082873	2	Arenibacter latericius
0.000259076082873	2	Streptomyces cellostaticus
0.000259076082873	2	Uliginosibacterium gangwonense
0.000259076082873	2	Acetobacter cerevisiae
0.000259076082873	2	Effusibacillus pohliae
0.000259076082873	2	Pseudopedobacter saltans
0.000259076082873	2	Pseudoxanthomonas sp.
0.000259076082873	2	Ruegeria sp.
0.000259076082873	2	Buchnera aphidicola
0.000259076082873	2	Cellulophaga algicola
0.000259076082873	2	Robiginitalea sp.
0.000259076082873	2	Aureimonas sp.
0.000259076082873	2	Saccharicrinis fermentans
0.000259076082873	2	Leeia oryzae
0.000259076082873	2	Thiothrix lacustris
0.000259076082873	2	Flavobacterium xanthum
0.000259076082873	2	Aquimarina agarilytica
0.000259076082873	2	Curvibacter lanceolatus
0.000259076082873	2	Burkholderia temeraria
0.000259076082873	2	Vibrio fluvialis
0.000259076082873	2	Anabaena sp. WA102
0.000259076082873	2	Labrys sp.
0.000259076082873	2	Micrococcaceae
0.000259076082873	2	Chondromyces crocatus
0.000259076082873	2	Thermoanaerobaculum aquaticum
0.000259076082873	2	Magnetospirillum magnetotacticum
0.000259076082873	2	Roseovarius tolerans
0.000259076082873	2	Leptospirillum sp.
0.000259076082873	2	Shimazuella kribbensis
0.000259076082873	2	Rhodomicrobium udaipurense
0.000259076082873	2	Cellvibrio sp.
0.000259076082873	2	Laribacter hongkongensis
0.000259076082873	2	Ralstonia mannitolilytica
0.000259076082873	2	Komagataeibacter
0.000259076082873	2	Imtechella halotolerans
0.000259076082873	2	Blastomonas
0.000259076082873	2	Pseudorhodoferax sp.
0.000259076082873	2	Dyadobacter
0.000259076082873	2	Paraburkholderia mimosarum
0.000259076082873	2	Cystobacter fuscus
0.000259076082873	2	Eudoraea adriatica
0.000259076082873	2	Granulosicoccus antarcticus
0.000259076082873	2	Bradyrhizobium japonicum
0.000259076082873	2	Roseomonas gilardii
0.000259076082873	2	Aeromicrobium sp.
0.000259076082873	2	Limnohabitans planktonicus
0.000259076082873	2	Stappia indica
0.000259076082873	2	Geminicoccus roseus
0.000129538041437	1	Selenomonas bovis
0.000129538041437	1	Xanthomonas campestris
0.000129538041437	1	Acidimicrobium ferrooxidans
0.000129538041437	1	Thermoactinomyces vulgaris
0.000129538041437	1	Megasphaera sp.
0.000129538041437	1	Rubinisphaera brasiliensis
0.000129538041437	1	Porphyromonas
0.000129538041437	1	Nereida ignava
0.000129538041437	1	Eubacterium sp.
0.000129538041437	1	Tissierellia bacterium
0.000129538041437	1	Afipia
0.000129538041437	1	Candidatus Puniceispirillum
0.000129538041437	1	Candidatus Erwinia
0.000129538041437	1	Idiomarina planktonica
0.000129538041437	1	Akkermansia
0.000129538041437	1	Pseudoxanthomonas
0.000129538041437	1	Anaerocolumna xylanovorans
0.000129538041437	1	Bordetella pertussis
0.000129538041437	1	Mesorhizobium
0.000129538041437	1	Brachybacterium faecium
0.000129538041437	1	Actinoplanes awajinensis
0.000129538041437	1	Clostridium intestinale
0.000129538041437	1	Thermodesulfovibrio
0.000129538041437	1	Psychroserpens jangbogonensis
0.000129538041437	1	Pyrinomonas methylaliphatogenes
0.000129538041437	1	Acetobacter orientalis
0.000129538041437	1	Hyphomicrobium zavarzinii
0.000129538041437	1	Streptomyces varsoviensis
0.000129538041437	1	Dactylosporangium aurantiacum
0.000129538041437	1	Maribacter arcticus
0.000129538041437	1	Oxalobacteraceae bacterium
0.000129538041437	1	Paenibacillus beijingensis
0.000129538041437	1	Rhodoferax sp.
0.000129538041437	1	Saccharothrix espanaensis
0.000129538041437	1	Pseudooceanicola atlanticus
0.000129538041437	1	Microbacterium aurum
0.000129538041437	1	Candidatus Ruthia magnifica
0.000129538041437	1	Prevotella ruminicola
0.000129538041437	1	unclassified Porphyromonadaceae
0.000129538041437	1	Bacillus fordii
0.000129538041437	1	Streptomyces hygroscopicus
0.000129538041437	1	Chryseobacterium cucumeris
0.000129538041437	1	Lactobacillus otakiensis
0.000129538041437	1	Sphingopyxis granuli
0.000129538041437	1	Bartonella vinsonii
0.000129538041437	1	Mucilaginibacter
0.000129538041437	1	Xanthomonas massiliensis
0.000129538041437	1	Saccharopolyspora rectivirgula
0.000129538041437	1	Lentibacillus jeotgali
0.000129538041437	1	Erythrobacteraceae bacterium
0.000129538041437	1	Mycobacterium sherrisii
0.000129538041437	1	Borreliella valaisiana
0.000129538041437	1	Komagataeibacter xylinus
0.000129538041437	1	Methylosarcina fibrata
0.000129538041437	1	Alteromonas mediterranea
0.000129538041437	1	Vibrio maritimus
0.000129538041437	1	Thermomonospora curvata
0.000129538041437	1	Streptomyces lincolnensis
0.000129538041437	1	Caloramator proteoclasticus
0.000129538041437	1	Pacificimonas flava
0.000129538041437	1	Butyrivibrio hungatei
0.000129538041437	1	Thermanaerothrix daxensis
0.000129538041437	1	Ferrovum
0.000129538041437	1	Marinobacter daepoensis
0.000129538041437	1	Bacteroides uniformis
0.000129538041437	1	Salegentibacter salinarum
0.000129538041437	1	Dyella jiangningensis
0.000129538041437	1	Azotobacter vinelandii
0.000129538041437	1	Hippea sp.
0.000129538041437	1	Insolitispirillum peregrinum
0.000129538041437	1	Comamonas serinivorans
0.000129538041437	1	Bifidobacterium bifidum
0.000129538041437	1	Rheinheimera
0.000129538041437	1	Mycoplasma mycoides
0.000129538041437	1	Lysobacter
0.000129538041437	1	Taylorella equigenitalis
0.000129538041437	1	Methyloglobulus morosus
0.000129538041437	1	Angelakisella massiliensis
0.000129538041437	1	Eggerthia catenaformis
0.000129538041437	1	Ponticaulis koreensis
0.000129538041437	1	Rhodopirellula maiorica
0.000129538041437	1	Agromyces
0.000129538041437	1	Tepidiphilus margaritifer
0.000129538041437	1	Veillonella seminalis
0.000129538041437	1	Cellvibrio mixtus
0.000129538041437	1	Ahrensia marina
0.000129538041437	1	Chlamydiales bacterium
0.000129538041437	1	Saccharomonospora cyanea
0.000129538041437	1	Aeromonas popoffii
0.000129538041437	1	Fischerella major
0.000129538041437	1	Aeromicrobium marinum
0.000129538041437	1	Salinimicrobium terrae
0.000129538041437	1	Candidatus Hepatobacter
0.000129538041437	1	Amycolatopsis vancoresmycina
0.000129538041437	1	Porphyromonas uenonis
0.000129538041437	1	Nitrospirae bacterium
0.000129538041437	1	Herbaspirillum chlorophenolicum
0.000129538041437	1	Chryseobacterium artocarpi
0.000129538041437	1	Legionella geestiana
0.000129538041437	1	Bradyrhizobiaceae
0.000129538041437	1	Desulfosarcina cetonica
0.000129538041437	1	marine gamma
0.000129538041437	1	Stenotrophomonas terrae
0.000129538041437	1	Aequorivita capsosiphonis
0.000129538041437	1	Wohlfahrtiimonas
0.000129538041437	1	Rickettsia montanensis
0.000129538041437	1	Acidovorax citrulli
0.000129538041437	1	Smaragdicoccus niigatensis
0.000129538041437	1	Henriciella marina
0.000129538041437	1	Rhodobacter
0.000129538041437	1	Helicobacter canadensis
0.000129538041437	1	Bacteroides caecimuris
0.000129538041437	1	Desulfovibrio piezophilus
0.000129538041437	1	Clostridium felsineum
0.000129538041437	1	Thiorhodococcus drewsii
0.000129538041437	1	Actinobaculum suis
0.000129538041437	1	Rhodocyclaceae bacterium
0.000129538041437	1	Sphingomonas melonis
0.000129538041437	1	Pusillimonas sp.
0.000129538041437	1	Chrysiogenes arsenatis
0.000129538041437	1	Rhizobium undicola
0.000129538041437	1	Anaerolinea thermophila
0.000129538041437	1	Caloranaerobacter azorensis
0.000129538041437	1	Novosphingobium malaysiense
0.000129538041437	1	Roseovarius mucosus
0.000129538041437	1	Sedimentitalea nanhaiensis
0.000129538041437	1	Pseudomonas psychrotolerans
0.000129538041437	1	Chloroflexus
0.000129538041437	1	Deferrisoma camini
0.000129538041437	1	Thiothrix eikelboomii
0.000129538041437	1	Halobacillus sp.
0.000129538041437	1	Grimontia indica
0.000129538041437	1	Dickeya solani
0.000129538041437	1	Legionella fairfieldensis
0.000129538041437	1	Acidovorax ebreus
0.000129538041437	1	Cellvibrio japonicus
0.000129538041437	1	Loktanella soesokkakensis
0.000129538041437	1	Tumebacillus flagellatus
0.000129538041437	1	Belnapia sp.
0.000129538041437	1	Desulfobacula toluolica
0.000129538041437	1	Parabacteroides distasonis
0.000129538041437	1	Staphylococcus
0.000129538041437	1	Bacillus gottheilii
0.000129538041437	1	Candidatus Arthromitus
0.000129538041437	1	Gramella forsetii
0.000129538041437	1	Comamonadaceae
0.000129538041437	1	Salinimonas chungwhensis
0.000129538041437	1	Humibacillus sp.
0.000129538041437	1	Streptomyces scabrisporus
0.000129538041437	1	Sphaerobacter thermophilus
0.000129538041437	1	Eisenbergiella tayi
0.000129538041437	1	Xenophilus sp.
0.000129538041437	1	Microvirga vignae
0.000129538041437	1	Agrobacterium vitis
0.000129538041437	1	Rhizobium bangladeshense
0.000129538041437	1	Thalassospira
0.000129538041437	1	Vitreoscilla sp.
0.000129538041437	1	Kribbella flavida
0.000129538041437	1	Gluconobacter morbifer
0.000129538041437	1	Zobellia galactanivorans
0.000129538041437	1	Pontibaca methylaminivorans
0.000129538041437	1	Planctopirus
0.000129538041437	1	Paenirhodobacter enshiensis
0.000129538041437	1	Brevundimonas
0.000129538041437	1	Nonlabens ulvanivorans
0.000129538041437	1	Aneurinibacillus sp.
0.000129538041437	1	Porphyrobacter sanguineus
0.000129538041437	1	Curtobacterium sp.
0.000129538041437	1	Sulfobacillus thermosulfidooxidans
0.000129538041437	1	Tepidibacter thalassicus
0.000129538041437	1	Chloracidobacterium thermophilum
0.000129538041437	1	Comamonas granuli
0.000129538041437	1	Prosthecomicrobium hirschii
0.000129538041437	1	Meganema perideroedes
0.000129538041437	1	Thermosulfidibacter takaii
0.000129538041437	1	Bathymodiolus septemdierum
0.000129538041437	1	Methylobacterium radiotolerans
0.000129538041437	1	Nitrospina gracilis
0.000129538041437	1	Campylobacter ornithocola
0.000129538041437	1	Chryseobacterium angstadtii
0.000129538041437	1	Nocardia jinanensis
0.000129538041437	1	Sporosarcina sp.
0.000129538041437	1	Winogradskyella psychrotolerans
0.000129538041437	1	Burkholderia anthina
0.000129538041437	1	Synechococcus sp. RCC307
0.000129538041437	1	Solibacillus isronensis
0.000129538041437	1	Paraburkholderia
0.000129538041437	1	Bdellovibrio sp.
0.000129538041437	1	Lutibaculum baratangense
0.000129538041437	1	Campylobacter fetus
0.000129538041437	1	Aurantimonas sp.
0.000129538041437	1	Porphyromonas gingivalis
0.000129538041437	1	Brevibacterium mcbrellneri
0.000129538041437	1	Chryseobacterium indoltheticum
0.000129538041437	1	Phocaeicola abscessus
0.000129538041437	1	Dakarella massiliensis
0.000129538041437	1	Thalassobaculum salexigens
0.000129538041437	1	Archangium violaceum
0.000129538041437	1	Gemmatimonas
0.000129538041437	1	Methylophaga lonarensis
0.000129538041437	1	Fusobacterium
0.000129538041437	1	Variovorax
0.000129538041437	1	Methyloprofundus sedimenti
0.000129538041437	1	Capnocytophaga cynodegmi
0.000129538041437	1	Pseudomonas pseudoalcaligenes
0.000129538041437	1	Leptospira meyeri
0.000129538041437	1	Dechloromonas agitata
0.000129538041437	1	Acidiphilium
0.000129538041437	1	Cellulomonas cellasea
0.000129538041437	1	Amphibacillus sediminis
0.000129538041437	1	Aeromonas fluvialis
0.000129538041437	1	Clostridium termitidis
0.000129538041437	1	Flammeovirga
0.000129538041437	1	Anaerococcus sp.
0.000129538041437	1	Haemophilus parahaemolyticus
0.000129538041437	1	Parabacteroides johnsonii
0.000129538041437	1	Dehalobacter
0.000129538041437	1	Nocardia uniformis
0.000129538041437	1	Luteibacter
0.000129538041437	1	Sphingopyxis fribergensis
0.000129538041437	1	Rickettsia
0.000129538041437	1	Oceanicola sp.
0.000129538041437	1	Candidatus Phaeomarinobacter
0.000129538041437	1	Collimonas fungivorans
0.000129538041437	1	Sphingobium herbicidovorans
0.000129538041437	1	Erythrobacter longus
0.000129538041437	1	Pseudovibrio sp.
0.000129538041437	1	Lentzea guizhouensis
0.000129538041437	1	Succinivibrionaceae bacterium
0.000129538041437	1	Sinomonas humi
0.000129538041437	1	Arcobacter cibarius
0.000129538041437	1	Leptospira santarosai
0.000129538041437	1	Anabaena sp. PCC 7108
0.000129538041437	1	Simonsiella muelleri
0.000129538041437	1	Cryptosporangium arvum
0.000129538041437	1	Muribaculum
0.000129538041437	1	Heliobacterium modesticaldum
0.000129538041437	1	Bacteroides mediterraneensis
0.000129538041437	1	Kangiella geojedonensis
0.000129538041437	1	Streptococcus thoraltensis
0.000129538041437	1	Actinoplanes utahensis
0.000129538041437	1	Xanthomonas maliensis
0.000129538041437	1	Armatimonadetes bacterium
0.000129538041437	1	Betaproteobacteria bacterium
0.000129538041437	1	Pararhodospirillum photometricum
0.000129538041437	1	Candidatus Desulfofervidus
0.000129538041437	1	Algicola sagamiensis
0.000129538041437	1	Beijerinckia indica
0.000129538041437	1	Tetrasphaera elongata
0.000129538041437	1	Sutterella
0.000129538041437	1	Lebetimonas
0.000129538041437	1	Sediminispirochaeta smaragdinae
0.000129538041437	1	Kingella kingae
0.000129538041437	1	Ensifer sp.
0.000129538041437	1	Virgibacillus sp.
0.000129538041437	1	Shewanella frigidimarina
0.000129538041437	1	Caldimonas manganoxidans
0.000129538041437	1	Paenibacillus assamensis
0.000129538041437	1	Sporobacter termitidis
0.000129538041437	1	Tepidimonas taiwanensis
0.000129538041437	1	Streptomyces albireticuli
0.000129538041437	1	Acholeplasma multilocale
0.000129538041437	1	Leptospira kirschneri
0.000129538041437	1	Microbulbifer sp.
0.000129538041437	1	Cruoricaptor ignavus
0.000129538041437	1	Janibacter indicus
0.000129538041437	1	Monashia flava
0.000129538041437	1	Fischerella thermalis
0.000129538041437	1	Paraburkholderia phenazinium
0.000129538041437	1	Lactobacillus lindneri
0.000129538041437	1	Vibrio hepatarius
0.000129538041437	1	Neochlamydia sp.
0.000129538041437	1	Defluviitalea phaphyphila
0.000129538041437	1	Prosthecochloris aestuarii
0.000129538041437	1	Moorella mulderi
0.000129538041437	1	Oblitimonas alkaliphila
0.000129538041437	1	Marichromatium gracile
0.000129538041437	1	Pseudomonas alcaligenes
0.000129538041437	1	Wenyingzhuangia
0.000129538041437	1	Coprobacter secundus
0.000129538041437	1	Streptomyces griseorubens
0.000129538041437	1	Loktanella hongkongensis
0.000129538041437	1	Clostridium stercorarium
0.000129538041437	1	Novosphingobium pentaromativorans
0.000129538041437	1	Caldicellulosiruptor bescii
0.000129538041437	1	Turicibacter
0.000129538041437	1	Tannerella sp.
0.000129538041437	1	Lampropedia hyalina
0.000129538041437	1	Leptotrichia sp.
0.000129538041437	1	Hyphomonas chukchiensis
0.000129538041437	1	Methylocaldum szegediense
0.000129538041437	1	Geobacter pelophilus
0.000129538041437	1	Runella
0.000129538041437	1	Cyanothece sp. CCY0110
0.000129538041437	1	Acidibacillus ferrooxidans
0.000129538041437	1	Gardnerella vaginalis
0.000129538041437	1	Oceanicola granulosus
0.000129538041437	1	Rhodococcus phenolicus
0.000129538041437	1	Pseudomonas graminis
0.000129538041437	1	Methylovorus glucosotrophus
0.000129538041437	1	Beggiatoa alba
0.000129538041437	1	Negativibacillus massiliensis
0.000129538041437	1	Haliangium sp.
0.000129538041437	1	Hyphomonas oceanitis
0.000129538041437	1	Snodgrassella sp.
0.000129538041437	1	Shewanella putrefaciens
0.000129538041437	1	Planctopirus sp.
0.000129538041437	1	Salegentibacter echinorum
0.000129538041437	1	Candidatus Midichloria
0.000129538041437	1	Bacillus aurantiacus
0.000129538041437	1	Dickeya dianthicola
0.000129538041437	1	Gelidibacter mesophilus
0.000129538041437	1	Terriglobus saanensis
0.000129538041437	1	Paludibacter jiangxiensis
0.000129538041437	1	Alistipes putredinis
0.000129538041437	1	Microbacterium gorillae
0.000129538041437	1	Treponema bryantii
0.000129538041437	1	Capnocytophaga granulosa
0.000129538041437	1	Eubacterium xylanophilum
0.000129538041437	1	Candidatus Rhodoluna
0.000129538041437	1	Sphingomonas jaspsi
0.000129538041437	1	Candidatus Thiodiazotropha
0.000129538041437	1	Duodenibacillus massiliensis
0.000129538041437	1	Magnetospirillum
0.000129538041437	1	Rhodopirellula europaea
0.000129538041437	1	Caballeronia mineralivorans
0.000129538041437	1	Endozoicomonas montiporae
0.000129538041437	1	Paraglaciecola sp.
0.000129538041437	1	Anaeromassilibacillus sp.
0.000129538041437	1	Actinomadura macra
0.000129538041437	1	Photobacterium leiognathi
0.000129538041437	1	Salegentibacter mishustinae
0.000129538041437	1	Robiginitomaculum antarcticum
0.000129538041437	1	Aquamicrobium defluvii
0.000129538041437	1	Hyphomonas
0.000129538041437	1	Chryseobacterium koreense
0.000129538041437	1	Acidihalobacter ferrooxidans
0.000129538041437	1	Herminiimonas sp.
0.000129538041437	1	Brevibacillus borstelensis
0.000129538041437	1	Thioclava indica
0.000129538041437	1	Pseudoalteromonas issachenkonii
0.000129538041437	1	Candidatus Endolissoclinum
0.000129538041437	1	Magnetospirillum magneticum
0.000129538041437	1	Pleomorphomonas oryzae
0.000129538041437	1	Zunongwangia profunda
0.000129538041437	1	Brevundimonas sp.
0.000129538041437	1	Carnobacterium sp.
0.000129538041437	1	Massilia putida
0.000129538041437	1	Roseimaritima ulvae
0.000129538041437	1	Agreia sp.
0.000129538041437	1	Sporichthya polymorpha
0.000129538041437	1	Meiothermus cerbereus
0.000129538041437	1	Oceanicaulis alexandrii
0.000129538041437	1	Acetobacteraceae bacterium AT-5844
0.000129538041437	1	Anaerococcus senegalensis
0.000129538041437	1	Variovorax soli
0.000129538041437	1	Acidaminococcus timonensis
0.000129538041437	1	Treponema vincentii
0.000129538041437	1	Plantibacter
0.000129538041437	1	Candidatus Blastococcus
0.000129538041437	1	Methylomicrobium
0.000129538041437	1	Pseudopelagicola gijangensis
0.000129538041437	1	Desulfotalea psychrophila
0.000129538041437	1	Marinomonas sp.
0.000129538041437	1	Sutterella parvirubra
0.000129538041437	1	Flavobacterium subsaxonicum
0.000129538041437	1	Thermodesulfobium narugense
0.000129538041437	1	Robinsoniella peoriensis
0.000129538041437	1	Chitinophaga
0.000129538041437	1	Rhodococcus rhodnii
0.000129538041437	1	Paenibacillus terrigena
0.000129538041437	1	Pseudohongiella
0.000129538041437	1	Paeniglutamicibacter gangotriensis
0.000129538041437	1	Chryseobacterium haifense
0.000129538041437	1	Lachnoanaerobaculum saburreum
0.000129538041437	1	Kineococcus radiotolerans
0.000129538041437	1	Desulfomicrobium orale
0.000129538041437	1	Thauera butanivorans
0.000129538041437	1	Rhizobium freirei
0.000129538041437	1	Sulfurihydrogenibium sp.
0.000129538041437	1	Salegentibacter holothuriorum
0.000129538041437	1	Prevotella sp.
0.000129538041437	1	Desulfatiglans anilini
0.000129538041437	1	Sphingopyxis alaskensis
0.000129538041437	1	Gallibacterium anatis
0.000129538041437	1	Candidatus Koribacter
0.000129538041437	1	Domibacillus indicus
0.000129538041437	1	Erythrobacter sp.
0.000129538041437	1	Saccharibacillus sacchari
0.000129538041437	1	Aurantimonas manganoxydans
0.000129538041437	1	Alkaliphilus metalliredigens
0.000129538041437	1	Orenia marismortui
0.000129538041437	1	Blattabacterium sp.
0.000129538041437	1	Alicycliphilus sp.
0.000129538041437	1	Desulfurispirillum indicum
0.000129538041437	1	Marinobacter sp.
0.000129538041437	1	Oceanospirillum linum
0.000129538041437	1	Pseudomonas corrugata
0.000129538041437	1	Comamonas composti
0.000129538041437	1	Pelagibacterium halotolerans
0.000129538041437	1	Thiorhodospira sibirica
0.000129538041437	1	Cytophagaceae
0.000129538041437	1	Murdochiella massiliensis
0.000129538041437	1	Waddlia chondrophila
0.000129538041437	1	Xanthomonas sp.
0.000129538041437	1	Pseudomonadales
0.000129538041437	1	Chromobacterium vaccinii
0.000129538041437	1	Ottowia sp.
0.000129538041437	1	Chryseobacterium solincola
0.000129538041437	1	Fictibacillus gelatini
0.000129538041437	1	Tepidibacter formicigenes
0.000129538041437	1	Methylococcus capsulatus
0.000129538041437	1	Treponema maltophilum
0.000129538041437	1	Planktothrix prolifica
0.000129538041437	1	Chelatococcus
0.000129538041437	1	endosymbiont TC1
0.000129538041437	1	Sulfitobacter geojensis
0.000129538041437	1	Crenothrix polyspora
0.000129538041437	1	Vibrio nigripulchritudo
0.000129538041437	1	Paenibacillus yonginensis
0.000129538041437	1	Marinimicrobium sp.
0.000129538041437	1	Chelatococcus daeguensis
0.000129538041437	1	Polaromonas naphthalenivorans
0.000129538041437	1	Haemophilus ducreyi
0.000129538041437	1	Vibrio furnissii
0.000129538041437	1	Sinorhizobium fredii
0.000129538041437	1	Desulfacinum hydrothermale
0.000129538041437	1	Mycetocola reblochoni
0.000129538041437	1	Leptospira terpstrae
0.000129538041437	1	Rhodanobacter sp.
0.000129538041437	1	Nitratireductor aquibiodomus
0.000129538041437	1	Ferrimonas futtsuensis
0.000129538041437	1	Dehalogenimonas lykanthroporepellens
0.000129538041437	1	Granulicoccus phenolivorans
0.000129538041437	1	Streptomyces flavidovirens
0.000129538041437	1	Ruminobacter sp.
0.000129538041437	1	Mycobacterium xenopi
0.000129538041437	1	Natranaerobius trueperi
0.000129538041437	1	Pelosinus sp.
0.000129538041437	1	Kordiimonas lipolytica
0.000129538041437	1	Rhizobacter gummiphilus
0.000129538041437	1	Thiocapsa marina
0.000129538041437	1	Falsirhodobacter sp.
0.000129538041437	1	Pantoea
0.000129538041437	1	Tolumonas auensis
0.000129538041437	1	Singulisphaera acidiphila
0.000129538041437	1	Knoellia aerolata
0.000129538041437	1	Vogesella sp.
0.000129538041437	1	Wolbachia
0.000129538041437	1	Selenomonas sputigena
0.000129538041437	1	Pseudomonas monteilii
0.000129538041437	1	Tissierella creatinophila
0.000129538041437	1	unclassified Bacteroidales
0.000129538041437	1	Sphingobacterium
0.000129538041437	1	actinobacterium LLX17
0.000129538041437	1	bacterium JKG1
0.000129538041437	1	Paracoccus aminovorans
0.000129538041437	1	Flavobacterium hydatis
0.000129538041437	1	Bilophila wadsworthia
0.000129538041437	1	Celeribacter marinus
0.000129538041437	1	Enterobacterales
0.000129538041437	1	Sphingobium yanoikuyae
0.000129538041437	1	Celeribacter baekdonensis
0.000129538041437	1	Spiribacter salinus
0.000129538041437	1	Caldilinea aerophila
0.000129538041437	1	Hyphomonas jannaschiana
0.000129538041437	1	Microvirga flocculans
0.000129538041437	1	Christensenella timonensis
0.000129538041437	1	Halocynthiibacter arcticus
0.000129538041437	1	Pseudacidovorax sp.
0.000129538041437	1	Candidimonas nitroreducens
0.000129538041437	1	Methylocapsa aurea
0.000129538041437	1	Bacillus bogoriensis
0.000129538041437	1	Acidomonas methanolica
0.000129538041437	1	Tangfeifania diversioriginum
0.000129538041437	1	Herbaspirillum aquaticum
0.000129538041437	1	Alistipes obesi
0.000129538041437	1	Flavobacterium aquidurense
0.000129538041437	1	Salegentibacter salegens
0.000129538041437	1	Entomoplasma lucivorax
0.000129538041437	1	Kosmotoga
0.000129538041437	1	Oligella
0.000129538041437	1	Clavibacter
0.000129538041437	1	Actinobacteria bacterium
0.000129538041437	1	Fischerella sp. NIES-3754
0.000129538041437	1	Paracoccus aminophilus
0.000129538041437	1	Aequorivita soesokkakensis
0.000129538041437	1	Thiomicrospira
0.000129538041437	1	Verrucomicrobiae bacterium
0.000129538041437	1	Cellulophaga tyrosinoxydans
0.000129538041437	1	Nocardia arizonensis
0.000129538041437	1	Polynucleobacter wuianus
0.000129538041437	1	Candidatus Hamiltonella
0.000129538041437	1	Fabibacter sp. 4D4
0.000129538041437	1	Nocardia abscessus
0.000129538041437	1	Caulobacter sp.
0.000129538041437	1	Thermocrinis albus
0.000129538041437	1	Solemya pervernicosa
0.000129538041437	1	Paraglaciecola mesophila
0.000129538041437	1	Vitreoscilla stercoraria
0.000129538041437	1	Nocardia vulneris
0.000129538041437	1	Symbiobacterium thermophilum
0.000129538041437	1	Aquitalea
0.000129538041437	1	Halomonas smyrnensis
0.000129538041437	1	Actinomyces suimastitidis
0.000129538041437	1	Rhodococcus sp.
0.000129538041437	1	Phyllobacterium sp.
0.000129538041437	1	Streptomyces uncialis
0.000129538041437	1	Pseudomonas fuscovaginae
0.000129538041437	1	Clostridium puniceum
0.000129538041437	1	Chryseobacterium molle
0.000129538041437	1	Flavobacterium plurextorum
0.000129538041437	1	Nocardiopsis sp.
0.000129538041437	1	Rheinheimera baltica
0.000129538041437	1	Desulfovibrio alaskensis
0.000129538041437	1	Lachnoclostridium sp.
0.000129538041437	1	Dickeya sp.
0.000129538041437	1	Acinetobacter soli
0.000129538041437	1	Terriglobus roseus
0.000129538041437	1	Mesorhizobium alhagi
0.000129538041437	1	Rikenellaceae
0.000129538041437	1	Desulfotomaculum ruminis
0.000129538041437	1	Sulfitobacter
0.000129538041437	1	Legionella jamestowniensis
0.000129538041437	1	Hydrogenophaga flava
0.000129538041437	1	Candidatus Symbiobacter
0.000129538041437	1	Azospirillum thiophilum
0.000129538041437	1	Luteibacter rhizovicinus
0.000129538041437	1	Peptostreptococcus anaerobius
0.000129538041437	1	Sphingomonas pruni
0.000129538041437	1	Micromonospora rosaria
0.000129538041437	1	Pseudoruegeria sp.
0.000129538041437	1	Rickettsia amblyommatis
0.000129538041437	1	Tamlana nanhaiensis
0.000129538041437	1	Candidatus Contendobacter
0.000129538041437	1	Sporosarcina newyorkensis
0.000129538041437	1	Desulfovibrio inopinatus
0.000129538041437	1	Tyzzerella sp.
0.000129538041437	1	Xanthomonas cannabis
0.000129538041437	1	Maritimibacter alkaliphilus
0.000129538041437	1	Pseudomonas chlororaphis
0.000129538041437	1	Rhodovulum
0.000129538041437	1	Solirubrobacter soli
0.000129538041437	1	Fangia hongkongensis
0.000129538041437	1	Proteiniphilum acetatigenes
0.000129538041437	1	Tepidimonas fonticaldi
0.000129538041437	1	Lutispora thermophila
0.000129538041437	1	Chryseobacterium antarcticum
0.000129538041437	1	Roseovarius atlanticus
0.000129538041437	1	Ehrlichia minasensis
0.000129538041437	1	Bombella intestini
0.000129538041437	1	Mogibacterium timidum
0.000129538041437	1	Nodularia
0.000129538041437	1	Natronohydrobacter thiooxidans
0.000129538041437	1	Kiloniella laminariae
0.000129538041437	1	Porphyromonadaceae
0.000129538041437	1	Candidatus Odyssella
0.000129538041437	1	Calderihabitans maritimus
0.000129538041437	1	Derxia lacustris
0.000129538041437	1	Ancylobacter sp.
0.000129538041437	1	Paenibacillus massiliensis
0.000129538041437	1	Catenovulum agarivorans
0.000129538041437	1	Erythrobacter luteus
0.000129538041437	1	Actinomyces sp.
0.000129538041437	1	Pseudomonas trivialis
0.000129538041437	1	Acidipropionibacterium thoenii
0.000129538041437	1	Kocuria sp.
0.000129538041437	1	Streptacidiphilus oryzae
0.000129538041437	1	Desulfotomaculum aeronauticum
0.000129538041437	1	Rhodoferax antarcticus
0.000129538041437	1	Sphingomonas hankookensis
0.000129538041437	1	Herbaspirillum autotrophicum
0.000129538041437	1	Desulfuromonas acetoxidans
0.000129538041437	1	Lacinutrix algicola
0.000129538041437	1	Rickettsia raoultii
0.000129538041437	1	Maribius sp.
0.000129538041437	1	Kordia jejudonensis
0.000129538041437	1	Thermoactinomyces
0.000129538041437	1	Flexilinea flocculi
0.000129538041437	1	Lacimicrobium alkaliphilum
0.000129538041437	1	Cycloclasticus sp.
0.000129538041437	1	Alcanivorax nanhaiticus
0.000129538041437	1	Thalassotalea crassostreae
0.000129538041437	1	Desulfurobacterium indicum
0.000129538041437	1	Brevundimonas diminuta
0.000129538041437	1	Metallibacterium scheffleri
0.000129538041437	1	Castellaniella caeni
0.000129538041437	1	Orrella dioscoreae
0.000129538041437	1	Bariatricus massiliensis
0.000129538041437	1	Desulfovibrio frigidus
0.000129538041437	1	Thalassospira profundimaris
0.000129538041437	1	Delftia
0.000129538041437	1	Akkermansia glycaniphila
0.000129538041437	1	Marinobacterium sp.
0.000129538041437	1	Alishewanella sp.
0.000129538041437	1	Leptospira sp.
0.000129538041437	1	Hirschia maritima
0.000129538041437	1	Bordetella flabilis
0.000129538041437	1	Idiomarina sediminum
0.000129538041437	1	Legionella worsleiensis
0.000129538041437	1	Microbulbifer thermotolerans
0.000129538041437	1	Gilliamella apicola
0.000129538041437	1	Sporanaerobacter sp.
0.000129538041437	1	Lacinutrix jangbogonensis
0.000129538041437	1	Nocardioides jensenii
0.000129538041437	1	Thermoactinospora rubra
0.000129538041437	1	Psychroserpens mesophilus
0.000129538041437	1	Salinisphaera hydrothermalis
0.000129538041437	1	Streptococcus mitis
0.000129538041437	1	Pseudonocardia sp.
0.000129538041437	1	Oceanobacillus oncorhynchi
0.000129538041437	1	Cronobacter sakazakii
0.000129538041437	1	Frankia sp.
0.000129538041437	1	Polymorphum gilvum
0.000129538041437	1	Clostridium clariflavum
0.000129538041437	1	Rhodopirellula baltica
0.000129538041437	1	Faecalibacterium prausnitzii
0.000129538041437	1	Slackia exigua
0.000129538041437	1	Bartonella rattaustraliani
0.000129538041437	1	Alcaligenes faecalis
0.000129538041437	1	Marivita geojedonensis
0.000129538041437	1	Endozoicomonas arenosclerae
0.000129538041437	1	Candidatus Rhodobacter
0.000129538041437	1	Myxococcus hansupus
0.000129538041437	1	Novosphingobium aromaticivorans
0.000129538041437	1	Sulfitobacter sp.
0.000129538041437	1	Synechococcus sp. CB0205
0.000129538041437	1	Roseivivax isoporae
0.000129538041437	1	Salinicoccus sp.
0.000129538041437	1	Enterobacteriaceae bacterium
0.000129538041437	1	Salinispira pacifica
0.000129538041437	1	Syntrophomonas zehnderi
0.000129538041437	1	Xanthomonas vesicatoria
0.000129538041437	1	Massilia timonae
0.000129538041437	1	Polynucleobacter asymbioticus
0.000129538041437	1	Tumebacillus sp.
0.000129538041437	1	Roseomonas cervicalis
0.000129538041437	1	Leptospira fainei
0.000129538041437	1	Nonlabens marinus
0.000129538041437	1	Pelobacter seleniigenes
0.000129538041437	1	Actinokineospora enzanensis
0.000129538041437	1	Parabacteroides goldsteinii
0.000129538041437	1	Planomonospora sphaerica
0.000129538041437	1	Janibacter sp.
0.000129538041437	1	Chryseobacterium jeonii
0.000129538041437	1	Clostridium
0.000129538041437	1	Bacillus solimangrovi
0.000129538041437	1	Actinopolymorpha alba
0.000129538041437	1	Rhizobium selenitireducens
0.000129538041437	1	Enterococcus sulfureus
0.000129538041437	1	Oligotropha carboxidovorans
0.000129538041437	1	Lactobacillus brantae
0.000129538041437	1	Bacillus endophyticus
0.000129538041437	1	Arcanobacterium urinimassiliense
0.000129538041437	1	Pedobacter borealis
0.000129538041437	1	Chlorobium sp.
0.000129538041437	1	Zavarzinella formosa
0.000129538041437	1	Shewanella halifaxensis
0.000129538041437	1	Cardiobacterium hominis
0.000129538041437	1	Nisaea denitrificans
0.000129538041437	1	Mesoaciditoga lauensis
0.000129538041437	1	Streptomyces antibioticus
0.000129538041437	1	Thermobifida cellulosilytica
0.000129538041437	1	Rhodobacter vinaykumarii
0.000129538041437	1	Peptoniphilus sp.
0.000129538041437	1	Arhodomonas aquaeolei
0.000129538041437	1	Tatlockia micdadei
0.000129538041437	1	Mycobacterium chubuense
0.000129538041437	1	Chryseobacterium takakiae
0.000129538041437	1	Rhodothermus profundi
0.000129538041437	1	Campylobacter jejuni
0.000129538041437	1	Brevundimonas subvibrioides
0.000129538041437	1	Pseudoalteromonas ruthenica
0.000129538041437	1	Lebetimonas sp.
0.000129538041437	1	Rhodoferax ferrireducens
0.000129538041437	1	Micromonospora echinofusca
0.000129538041437	1	Anaplasma
0.000129538041437	1	Thioclava
0.000129538041437	1	Liberibacter crescens
0.000129538041437	1	Legionella maceachernii
0.000129538041437	1	Marinomonas fungiae
0.000129538041437	1	Delftia acidovorans
0.000129538041437	1	Arcobacter butzleri
0.000129538041437	1	Hespellia stercorisuis
0.000129538041437	1	Streptomyces gilvigriseus
0.000129538041437	1	Roseomonas aerilata
0.000129538041437	1	Neptunomonas japonica
0.000129538041437	1	Thioclava dalianensis
0.000129538041437	1	Amycolatopsis australiensis
0.000129538041437	1	Streptococcus sp.
0.000129538041437	1	Streptomyces rubidus
0.000129538041437	1	Lysinimicrobium subtropicum
0.000129538041437	1	Planobispora rosea
0.000129538041437	1	Thermovirga lienii
0.000129538041437	1	Teredinibacter sp.
0.000129538041437	1	Methylacidiphilum infernorum
0.000129538041437	1	Methyloversatilis universalis
0.000129538041437	1	Nitratireductor soli
0.000129538041437	1	Lactobacillus senmaizukei
0.000129538041437	1	Deinococcus hopiensis
0.000129538041437	1	Oceanibacterium hippocampi
0.000129538041437	1	Mesorhizobium prunaredense
0.000129538041437	1	Micromonospora sp.
0.000129538041437	1	Chryseobacterium arthrosphaerae
0.000129538041437	1	Hydrogenophaga sp. IBVHS2
0.000129538041437	1	Magnetococcus marinus
0.000129538041437	1	Pseudomonas resinovorans
0.000129538041437	1	Thioalkalimicrobium cyclicum
0.000129538041437	1	Beijerinckia mobilis
0.000129538041437	1	Selenomonas ruminantium
0.000129538041437	1	Thalassospira mesophila
0.000129538041437	1	Roseovarius pacificus
0.000129538041437	1	Kaistia soli
0.000129538041437	1	Tepidimonas
0.000129538041437	1	Janibacter
0.000129538041437	1	Rickettsia sibirica
0.000129538041437	1	Streptomyces sparsogenes
0.000129538041437	1	Mycobacterium chimaera
0.000129538041437	1	Bradyrhizobium diazoefficiens
0.000129538041437	1	Comamonas sp.
0.000129538041437	1	Bacteroides fragilis
0.000129538041437	1	Rheinheimera salexigens
0.000129538041437	1	Paenibacillus xylanexedens
0.000129538041437	1	Caenispirillum salinarum
0.000129538041437	1	Sphingomonas koreensis
0.000129538041437	1	Rubrivivax
0.000129538041437	1	Chishuiella changwenlii
0.000129538041437	1	Methylotenera sp.
0.000129538041437	1	Maribacter ulvicola
0.000129538041437	1	Sphingomonas panacis
0.000129538041437	1	Ktedonobacter racemifer
0.000129538041437	1	Galbibacter marinus
0.000129538041437	1	Oceanicoccus sagamiensis
0.000129538041437	1	Rodentibacter pneumotropicus
0.000129538041437	1	Parageobacillus caldoxylosilyticus
0.000129538041437	1	Arcobacter nitrofigilis
0.000129538041437	1	Patulibacter americanus
0.000129538041437	1	Vibrio splendidus
0.000129538041437	1	Algiphilus aromaticivorans
0.000129538041437	1	Thermobifida halotolerans
0.000129538041437	1	Perlucidibaca piscinae
0.000129538041437	1	Rhodoplanes sp.
0.000129538041437	1	Luteimonas sp.
0.000129538041437	1	Acinetobacter larvae
0.000129538041437	1	Porphyrobacter tepidarius
0.000129538041437	1	Prevotella
0.000129538041437	1	Actinomadura latina
0.000129538041437	1	Syntrophobacter fumaroxidans
0.000129538041437	1	Elizabethkingia endophytica
0.000129538041437	1	Maribacter antarcticus
0.000129538041437	1	Desulfotomaculum alkaliphilum
0.000129538041437	1	Thiomicrospira kuenenii
0.000129538041437	1	Roseburia intestinalis
0.000129538041437	1	Magnetofaba australis
0.000129538041437	1	Fervidobacterium thailandensis
0.000129538041437	1	Sphingobium xenophagum
0.000129538041437	1	Actinophytocola xanthii
0.000129538041437	1	Nitrosospira
0.000129538041437	1	Flavobacterium hercynium
0.000129538041437	1	Pantoea stewartii
0.000129538041437	1	Oceanobacter kriegii
0.000129538041437	1	Xenorhabdus beddingii
0.000129538041437	1	Desulfotomaculum hydrothermale
0.000129538041437	1	Actinomadura rifamycini
0.000129538041437	1	Sphingomonas sanxanigenens
0.000129538041437	1	Bradyrhizobium icense
0.000129538041437	1	Chelativorans sp.
0.000129538041437	1	Bacillus alkalinitrilicus
0.000129538041437	1	Azospirillum sp.
0.000129538041437	1	Leptospira
0.000129538041437	1	Herpetosiphon geysericola
0.000129538041437	1	Sphingomonas wittichii
0.000129538041437	1	Paraburkholderia phymatum
0.000129538041437	1	Aquimarina muelleri
0.000129538041437	1	Desulfosarcina sp.
0.000129538041437	1	Methylopila sp.
0.000129538041437	1	Burkholderia pseudomallei
0.000129538041437	1	Gulosibacter molinativorax
0.000129538041437	1	Caulobacter
0.000129538041437	1	Brachyspira hampsonii
0.000129538041437	1	Firmicutes bacterium
0.000129538041437	1	Desulfotomaculum gibsoniae
0.000129538041437	1	Paracoccus halophilus
0.000129538041437	1	Xanthobacter
0.000129538041437	1	Methylotenera versatilis
0.000129538041437	1	Thermosipho affectus
0.000129538041437	1	Rhizobium oryziradicis
0.000129538041437	1	Peptoniphilus obesi
0.000129538041437	1	Desulfovibrio sp.
0.000129538041437	1	Dethiosulfovibrio salsuginis
0.000129538041437	1	Zoogloea sp.
0.000129538041437	1	Leptospira yanagawae
0.000129538041437	1	Arthrobacter castelli
0.000129538041437	1	Betaproteobacteria
0.000129538041437	1	Methyloversatilis discipulorum
0.000129538041437	1	Crossiella equi
0.000129538041437	1	Clostridium saccharobutylicum
0.000129538041437	1	Defluviimonas sp.
0.000129538041437	1	Acidithiobacillus ferrooxidans
0.000129538041437	1	Ochrobactrum sp.
0.000129538041437	1	Lacinutrix mariniflava
0.000129538041437	1	Pajaroellobacter abortibovis
0.000129538041437	1	Streptomyces antioxidans
0.000129538041437	1	Sphingopyxis baekryungensis
0.000129538041437	1	Mariprofundus ferrooxydans
0.000129538041437	1	Acidipropionibacterium acidipropionici
0.000129538041437	1	Prevotella nigrescens
0.000129538041437	1	Allosalinactinospora lopnorensis
0.000129538041437	1	Thermobispora bispora
0.000129538041437	1	Millionella massiliensis
0.000129538041437	1	Candidatus Liberibacter
0.000129538041437	1	Actinoplanes sp.
0.000129538041437	1	Paraburkholderia sacchari
0.000129538041437	1	Devosia epidermidihirudinis
0.000129538041437	1	Pseudoalteromonas byunsanensis
0.000129538041437	1	Parvularcula bermudensis
0.000129538041437	1	Denitrobacterium detoxificans
0.000129538041437	1	Agrococcus casei
0.000129538041437	1	Sneathiella glossodoripedis
0.000129538041437	1	Rothia
0.000129538041437	1	Halioglobus japonicus
0.000129538041437	1	Nitrosospira sp.
0.000129538041437	1	Suttonella ornithocola
0.000129538041437	1	Myxococcus stipitatus
0.000129538041437	1	Clostridium pasteurianum
0.000129538041437	1	Demequina sp.
0.000129538041437	1	Peptoniphilus
0.000129538041437	1	Vibrio campbellii
0.000129538041437	1	Kangiella aquimarina
0.000129538041437	1	Mycobacterium conspicuum
0.000129538041437	1	Saccharothrix sp.
0.000129538041437	1	Alteromonadaceae bacterium
0.000129538041437	1	Burkholderia gladioli
0.000129538041437	1	Moheibacter sediminis
0.000129538041437	1	Bacteroides pectinophilus
0.000129538041437	1	Synechococcus sp. WH 8109
0.000129538041437	1	Nocardia niwae
0.000129538041437	1	Synechococcus sp. WH 8102
0.000129538041437	1	Janthinobacterium agaricidamnosum
0.000129538041437	1	Sulfuriferula sp.
0.000129538041437	1	Thauera terpenica
0.000129538041437	1	Dietzia sp.
0.000129538041437	1	Chlorobium phaeovibrioides
0.000129538041437	1	Thermoanaerobacterium aotearoense
0.000129538041437	1	Simplicispira psychrophila
0.000129538041437	1	Marivita hallyeonensis
0.000129538041437	1	Bacteroides ihuae
0.000129538041437	1	Duganella phyllosphaerae
0.000129538041437	1	Gammaproteobacteria
0.000129538041437	1	Janibacter limosus
0.000129538041437	1	Gallibacterium genomosp.
0.000129538041437	1	Herbaspirillum
0.000129538041437	1	Moraxella osloensis
0.000129538041437	1	Chryseobacterium luteum
0.000129538041437	1	Thauera
0.000129538041437	1	Streptosporangium sp.
0.000129538041437	1	Paraburkholderia monticola
0.000129538041437	1	Streptomyces olindensis
0.000129538041437	1	Porphyromonas cangingivalis
0.000129538041437	1	Microbulbifer agarilyticus
0.000129538041437	1	Alteromonas sp.
0.000129538041437	1	Nitrosomonas ureae
0.000129538041437	1	Paeniglutamicibacter antarcticus
0.000129538041437	1	Lactobacillus curieae
0.000129538041437	1	Acidothermus cellulolyticus
0.000129538041437	1	Bacillus chagannorensis
0.000129538041437	1	Brevibacillus massiliensis
0.000129538041437	1	Leptotrichia wadei
0.000129538041437	1	Methylophilus methylotrophus
0.000129538041437	1	Thalassobacter
0.000129538041437	1	Enterobacteriaceae
0.000129538041437	1	Ruminococcus flavefaciens
0.000129538041437	1	Roseiflexus castenholzii
0.000129538041437	1	Morganella psychrotolerans
0.000129538041437	1	Dorea sp.
0.000129538041437	1	Fodinicurvata sediminis
0.000129538041437	1	Meiothermus chliarophilus
0.000129538041437	1	Chlorobaculum limnaeum
0.000129538041437	1	Rubrobacter xylanophilus
0.000129538041437	1	Thermus oshimai
0.000129538041437	1	Vibrio pacinii
0.000129538041437	1	Orientia tsutsugamushi
0.000129538041437	1	Seonamhaeicola sp.
0.000129538041437	1	Lysobacter daejeonensis
0.000129538041437	1	Sediminispirochaeta bajacaliforniensis
0.000129538041437	1	Leptospira weilii
0.000129538041437	1	Desulfobulbus propionicus
0.000129538041437	1	Flavobacterium tructae
0.000129538041437	1	Enterobacter hormaechei
0.000129538041437	1	Cupriavidus gilardii
0.000129538041437	1	Legionella massiliensis
0.000129538041437	1	Empedobacter falsenii
0.000129538041437	1	Elusimicrobium minutum
0.000129538041437	1	Leptospira borgpetersenii
0.000129538041437	1	Porphyrobacter donghaensis
0.000129538041437	1	Izhakiella sp.
0.000129538041437	1	Rickettsia helvetica
0.000129538041437	1	Haloglycomyces albus
0.000129538041437	1	Exiguobacterium oxidotolerans
0.000129538041437	1	Microbacterium resistens
0.000129538041437	1	Salipiger mucosus
0.000129538041437	1	Fusobacterium massiliense
0.000129538041437	1	Rickettsia prowazekii
0.000129538041437	1	Paracoccus solventivorans
0.000129538041437	1	Lewinella sp.
0.000129538041437	1	Nocardiopsis halotolerans
0.000129538041437	1	Parachlamydia sp.
0.000129538041437	1	Desulfovibrio zosterae
0.000129538041437	1	Candidatus Rickettsia
0.000129538041437	1	Methylobacterium
0.000129538041437	1	Mycoplasma fermentans
0.000129538041437	1	Sinomicrobium oceani
0.000129538041437	1	Desulfuribacillus alkaliarsenatis
0.000129538041437	1	Jiangella
0.000129538041437	1	Rickettsia endosymbiont
0.000129538041437	1	Roseibaca calidilacus
0.000129538041437	1	Sphingopyxis terrae
0.000129538041437	1	Methyloversatilis thermotolerans
0.000129538041437	1	Exiguobacterium indicum
0.000129538041437	1	Lacinutrix himadriensis
0.000129538041437	1	Orenia metallireducens
0.000129538041437	1	Magnetospira sp.
0.000129538041437	1	Terasakiispira papahanaumokuakeensis
0.000129538041437	1	Desnuesiella massiliensis
0.000129538041437	1	Streptomyces gilvosporeus
0.000129538041437	1	Thalassobius
0.000129538041437	1	Aquimarina agarivorans
0.000129538041437	1	Candidatus Cloacimonas
0.000129538041437	1	Kordia zhangzhouensis
0.000129538041437	1	Pseudoalteromonas piscicida
0.000129538041437	1	Anaeromyxobacter dehalogenans
0.000129538041437	1	Neoasaia chiangmaiensis
0.000129538041437	1	Spongiibacterium flavum
0.000129538041437	1	Syntrophus aciditrophicus
0.000129538041437	1	Dechloromonas denitrificans
0.000129538041437	1	Sulfurovum sp.
0.000129538041437	1	Xylella fastidiosa
0.000129538041437	1	Bacillus fastidiosus
0.000129538041437	1	Gallionella capsiferriformans
0.000129538041437	1	Tenacibaculum mesophilum
0.000129538041437	1	Alcanivorax pacificus
0.000129538041437	1	Desulfotomaculum intricatum
0.000129538041437	1	Capnocytophaga gingivalis
0.000129538041437	1	Phaeobacter sp.
0.000129538041437	1	Stenotrophomonas rhizophila
0.000129538041437	1	Streptomyces jeddahensis
0.000129538041437	1	Stenotrophomonas maltophilia
0.000129538041437	1	Maribacter thermophilus
0.000129538041437	1	Nitratifractor salsuginis
0.000129538041437	1	Clostridium formicaceticum
0.000129538041437	1	Subdoligranulum variabile
0.000129538041437	1	Rhodobacterales bacterium
0.000129538041437	1	Salinarimonas rosea
0.000129538041437	1	Streptomyces vitaminophilus
0.000129538041437	1	Curvibacter
0.000129538041437	1	Nocardia acidivorans
0.000129538041437	1	Bacillus litoralis
0.000129538041437	1	Wenzhouxiangella marina
0.000129538041437	1	Brevibacillus laterosporus
0.000129538041437	1	Lysobacter enzymogenes
0.000129538041437	1	Microbispora sp.
0.000129538041437	1	Methylobacter luteus
0.000129538041437	1	Porphyromonas catoniae
0.000129538041437	1	Agromyces cerinus
0.000129538041437	1	Zoogloeaceae
0.000129538041437	1	Bacteroides paurosaccharolyticus
0.000129538041437	1	Kordiimonas lacus
0.000129538041437	1	Psychroflexus tropicus
0.000129538041437	1	Paracoccus
0.000129538041437	1	Wolbachia pipientis
0.000129538041437	1	Kerstersia gyiorum
0.000129538041437	1	Pedobacter ginsenosidimutans
0.000129538041437	1	Haliangium ochraceum
0.000129538041437	1	Pseudonocardia thermophila
0.000129538041437	1	Porphyromonas endodontalis
0.000129538041437	1	Streptomyces acidiscabies
0.000129538041437	1	Legionella tucsonensis
0.000129538041437	1	Nitrospira japonica
0.000129538041437	1	Intrasporangium oryzae
0.000129538041437	1	Polaribacter haliotis
0.000129538041437	1	Actinosynnema sp.
0.000129538041437	1	Polynucleobacter necessarius
0.000129538041437	1	Comamonas terrigena
0.000129538041437	1	Bacteroidales
0.000129538041437	1	Neisseria sp.
0.000129538041437	1	Sulfurovum riftiae
0.000129538041437	1	Spirosoma radiotolerans
0.000129538041437	1	Streptomyces roseochromogenus
0.000129538041437	1	Acetivibrio ethanolgignens
0.000129538041437	1	Solimonas
0.000129538041437	1	Hydrogenophaga palleronii
0.000129538041437	1	Oceanobacillus jeddahense
0.000129538041437	1	Chryseobacterium carnipullorum
0.000129538041437	1	Candidatus Walczuchella
0.000129538041437	1	Microlunatus phosphovorus
0.000129538041437	1	Chthonomonas calidirosea
0.000129538041437	1	Komagataeibacter medellinensis
0.000129538041437	1	Hyphomonas sp.
0.000129538041437	1	Beggiatoa leptomitiformis
0.000129538041437	1	Olleya
0.000129538041437	1	Sphingorhabdus marina
0.000129538041437	1	Thioalkalivibrio thiocyanodenitrificans
0.000129538041437	1	Cellulophaga fucicola
0.000129538041437	1	Microtetraspora glauca
0.000129538041437	1	Labrenzia sp.
0.000129538041437	1	Occidentia massiliensis
0.000129538041437	1	Dichelobacter nodosus
0.000129538041437	1	Paraglaciecola chathamensis
0.000129538041437	1	Brachybacterium sp.
0.000129538041437	1	Brevibacterium ravenspurgense
0.000129538041437	1	Pseudoalteromonas rubra
0.000129538041437	1	Bacteroides helcogenes
0.000129538041437	1	Candidatus Sulcia
0.000129538041437	1	Chryseobacterium tenax
0.000129538041437	1	Methylophaga muralis
0.000129538041437	1	Rhodopirellula islandica
0.000129538041437	1	Hyalangium minutum
0.000129538041437	1	Geodermatophilaceae bacterium
0.000129538041437	1	Verminephrobacter aporrectodeae
0.000129538041437	1	Brevundimonas aveniformis
0.000129538041437	1	Anaeromyxobacter sp.
0.000129538041437	1	Nocardioides luteus
0.000129538041437	1	Kiloniella spongiae
0.000129538041437	1	Moorella thermoacetica
0.000129538041437	1	Treponema caldarium
0.000129538041437	1	Listeria monocytogenes
0.000129538041437	1	Lactobacillus composti
0.000129538041437	1	Methylophaga aminisulfidivorans
0.000129538041437	1	Acetobacter papayae
0.000129538041437	1	Olleya sp.
0.000129538041437	1	Salinicoccus sediminis
0.000129538041437	1	Wohlfahrtiimonas chitiniclastica
0.000129538041437	1	Comamonas badia
0.000129538041437	1	Marmoricola sp.
0.000129538041437	1	Intrasporangiaceae bacterium
0.000129538041437	1	Nocardia higoensis
0.000129538041437	1	Deferribacter desulfuricans
0.000129538041437	1	Dermatophilus congolensis
0.000129538041437	1	Solemya elarraichensis
0.000129538041437	1	Mycobacterium simiae
0.000129538041437	1	Candidatus Neoehrlichia
0.000129538041437	1	Xanthobacter autotrophicus
0.000129538041437	1	Pseudomonas flexibilis
0.000129538041437	1	Paenirhodobacter sp.
0.000129538041437	1	Sutterella sp.
0.000129538041437	1	Lacimicrobium sp.
0.000129538041437	1	Desulfotomaculum thermosubterraneum
0.000129538041437	1	Catenovulum maritimum
0.000129538041437	1	Maricaulis sp.
0.000129538041437	1	Deinococcus maricopensis
0.000129538041437	1	Corynebacterium atypicum
0.000129538041437	1	Oceanospirillum beijerinckii
0.000129538041437	1	Neptuniibacter marinus
0.000129538041437	1	Methylophaga frappieri
0.000129538041437	1	Ruegeria lacuscaerulensis
0.000129538041437	1	Paludibacter propionicigenes
